{
  "type": "FeatureCollection",
  "features": [
    {
      "type": "Feature",
      "geometry": {
        "type": "Polygon",
        "coordinates": [
          [
            [
              -97.42388889,
              25.9905281
            ],
            [
              -97.40782944,
              25.98925739
            ],
            [
              -97.39225896,
              25.98548396
            ],
            [
              -97.37765143,
              25.97932269
            ],
            [
              -97.36445136,
              25.97096114
            ],
            [
              -97.35306016,
              25.96065379
            ],
            [
              -97.34382396,
              25.94871428
            ],
            [
              -97.33702304,
              25.93550582
            ],
            [
              -97.33286337,
              25.92143009
            ],
            [
              -97.33147047,
              25.90691499
            ],
            [
              -97.33288565,
              25.89240164
            ],
            [
              -97.3370649,
              25.87833093
            ],
            [
              -97.34388037,
              25.86513018
            ],
            [
              -97.3531243,
              25.85320013
            ],
            [
              -97.3645155,
              25.84290284
            ],
            [
              -97.37770784,
              25.83455074
            ],
            [
              -97.39230082,
              25.82839718
            ],
            [
              -97.40785172,
              25.82462878
            ],
            [
              -97.42388889,
              25.82335982
            ],
            [
              -97.43992606,
              25.82462878
            ],
            [
              -97.45547696,
              25.82839718
            ],
            [
              -97.47006994,
              25.83455074
            ],
            [
              -97.48326228,
              25.84290284
            ],
            [
              -97.49465348,
              25.85320013
            ],
            [
              -97.50389741,
              25.86513018
            ],
            [
              -97.51071288,
              25.87833093
            ],
            [
              -97.51489213,
              25.89240164
            ],
            [
              -97.51630731,
              25.90691499
            ],
            [
              -97.51491441,
              25.92143009
            ],
            [
              -97.51075474,
              25.93550582
            ],
            [
              -97.50395382,
              25.94871428
            ],
            [
              -97.49471762,
              25.96065379
            ],
            [
              -97.48332642,
              25.97096114
            ],
            [
              -97.47012635,
              25.97932269
            ],
            [
              -97.45551882,
              25.98548396
            ],
            [
              -97.43994834,
              25.98925739
            ],
            [
              -97.42388889,
              25.9905281
            ]
          ]
        ]
      },
      "properties": {
        "description": "BROWNSVILLE, TX, Wednesday, September 30, 2026 Local",
        "notam": "6_5844",
        "dateIssued": "2026-09-28T12:46:45",
        "dateEffective": "2026-09-30T16:00:00",
        "dateExpire": "2026-09-30T20:45:00",
        "upperVal": 4999,
        "lowerVal": 0,
        "facility": "ZHU",
        "type": "VIP"
      }
    },
    {
      "type": "Feature",
      "geometry": {
        "type": "Polygon",
        "coordinates": [
          [
            [
              -97.725,
              26.28246916
            ],
            [
              -97.70890057,
              26.2811985
            ],
            [
              -97.69329133,
              26.27742519
            ],
            [
              -97.67864748,
              26.27126412
            ],
            [
              -97.66541461,
              26.26290284
            ],
            [
              -97.65399516,
              26.25259584
            ],
            [
              -97.64473609,
              26.24065675
            ],
            [
              -97.6379184,
              26.22744878
            ],
            [
              -97.63374854,
              26.21337358
            ],
            [
              -97.63235233,
              26.19885906
            ],
            [
              -97.63377116,
              26.1843463
            ],
            [
              -97.63796091,
              26.1702762
            ],
            [
              -97.64479337,
              26.15707603
            ],
            [
              -97.65406029,
              26.14514652
            ],
            [
              -97.66547974,
              26.13484972
            ],
            [
              -97.67870475,
              26.12649802
            ],
            [
              -97.69333385,
              26.12034475
            ],
            [
              -97.70892319,
              26.11657654
            ],
            [
              -97.725,
              26.11530764
            ],
            [
              -97.74107681,
              26.11657654
            ],
            [
              -97.75666615,
              26.12034475
            ],
            [
              -97.77129525,
              26.12649802
            ],
            [
              -97.78452026,
              26.13484972
            ],
            [
              -97.79593971,
              26.14514652
            ],
            [
              -97.80520663,
              26.15707603
            ],
            [
              -97.81203909,
              26.1702762
            ],
            [
              -97.81622884,
              26.1843463
            ],
            [
              -97.81764767,
              26.19885906
            ],
            [
              -97.81625146,
              26.21337358
            ],
            [
              -97.8120816,
              26.22744878
            ],
            [
              -97.80526391,
              26.24065675
            ],
            [
              -97.79600484,
              26.25259584
            ],
            [
              -97.78458539,
              26.26290284
            ],
            [
              -97.77135252,
              26.27126412
            ],
            [
              -97.75670867,
              26.27742519
            ],
            [
              -97.74109943,
              26.2811985
            ],
            [
              -97.725,
              26.28246916
            ]
          ]
        ]
      },
      "properties": {
        "description": "BROWNSVILLE, TX, Wednesday, September 30, 2026 Local",
        "notam": "6_5844",
        "dateIssued": "2026-09-28T12:46:45",
        "dateEffective": "2026-09-30T16:00:00",
        "dateExpire": "2026-09-30T20:45:00",
        "upperVal": 4999,
        "lowerVal": 0,
        "facility": "ZHU",
        "type": "VIP"
      }
    },
    {
      "type": "Feature",
      "geometry": {
        "type": "Polygon",
        "coordinates": [
          [
            [
              -97.42388889,
              25.9905281
            ],
            [
              -97.40782944,
              25.98925739
            ],
            [
              -97.39225896,
              25.98548396
            ],
            [
              -97.37765143,
              25.97932269
            ],
            [
              -97.36445136,
              25.97096114
            ],
            [
              -97.35306016,
              25.96065379
            ],
            [
              -97.34382396,
              25.94871428
            ],
            [
              -97.33702304,
              25.93550582
            ],
            [
              -97.33286337,
              25.92143009
            ],
            [
              -97.33147047,
              25.90691499
            ],
            [
              -97.33288565,
              25.89240164
            ],
            [
              -97.3370649,
              25.87833093
            ],
            [
              -97.34388037,
              25.86513018
            ],
            [
              -97.3531243,
              25.85320013
            ],
            [
              -97.3645155,
              25.84290284
            ],
            [
              -97.37770784,
              25.83455074
            ],
            [
              -97.39230082,
              25.82839718
            ],
            [
              -97.40785172,
              25.82462878
            ],
            [
              -97.42388889,
              25.82335982
            ],
            [
              -97.43992606,
              25.82462878
            ],
            [
              -97.45547696,
              25.82839718
            ],
            [
              -97.47006994,
              25.83455074
            ],
            [
              -97.48326228,
              25.84290284
            ],
            [
              -97.49465348,
              25.85320013
            ],
            [
              -97.50389741,
              25.86513018
            ],
            [
              -97.51071288,
              25.87833093
            ],
            [
              -97.51489213,
              25.89240164
            ],
            [
              -97.51630731,
              25.90691499
            ],
            [
              -97.51491441,
              25.92143009
            ],
            [
              -97.51075474,
              25.93550582
            ],
            [
              -97.50395382,
              25.94871428
            ],
            [
              -97.49471762,
              25.96065379
            ],
            [
              -97.48332642,
              25.97096114
            ],
            [
              -97.47012635,
              25.97932269
            ],
            [
              -97.45551882,
              25.98548396
            ],
            [
              -97.43994834,
              25.98925739
            ],
            [
              -97.42388889,
              25.9905281
            ]
          ]
        ]
      },
      "properties": {
        "description": "BROWNSVILLE, TX, Wednesday, September 30, 2026 Local",
        "notam": "6_5844",
        "dateIssued": "2026-09-28T12:46:45",
        "dateEffective": "2026-09-30T16:00:00",
        "dateExpire": "2026-09-30T20:45:00",
        "upperVal": 4999,
        "lowerVal": 0,
        "facility": "ZHU",
        "type": "VIP"
      }
    },
    {
      "type": "Feature",
      "geometry": {
        "type": "Polygon",
        "coordinates": [
          [
            [
              -115.16388889,
              36.60152937
            ],
            [
              -115.10977045,
              36.59961196
            ],
            [
              -115.05607183,
              36.5938746
            ],
            [
              -115.00320938,
              36.58436179
            ],
            [
              -114.95159261,
              36.57114727
            ],
            [
              -114.90162085,
              36.55433346
            ],
            [
              -114.85367998,
              36.53405058
            ],
            [
              -114.80813934,
              36.51045561
            ],
            [
              -114.76534877,
              36.483731
            ],
            [
              -114.72563588,
              36.4540832
            ],
            [
              -114.68930346,
              36.42174102
            ],
            [
              -114.65662719,
              36.38695372
            ],
            [
              -114.62785357,
              36.3499891
            ],
            [
              -114.60319809,
              36.31113129
            ],
            [
              -114.58284376,
              36.27067858
            ],
            [
              -114.56693981,
              36.228941
            ],
            [
              -114.55560076,
              36.18623796
            ],
            [
              -114.54890576,
              36.1428957
            ],
            [
              -114.54689817,
              36.09924483
            ],
            [
              -114.54958552,
              36.05561778
            ],
            [
              -114.55693964,
              36.01234624
            ],
            [
              -114.56889713,
              35.96975865
            ],
            [
              -114.58536006,
              35.92817779
            ],
            [
              -114.60619692,
              35.88791827
            ],
            [
              -114.63124383,
              35.84928427
            ],
            [
              -114.66030589,
              35.81256727
            ],
            [
              -114.69315883,
              35.7780439
            ],
            [
              -114.72955078,
              35.74597391
            ],
            [
              -114.76920425,
              35.71659832
            ],
            [
              -114.81181824,
              35.69013764
            ],
            [
              -114.85707051,
              35.66679032
            ],
            [
              -114.90461999,
              35.64673127
            ],
            [
              -114.95410921,
              35.63011069
            ],
            [
              -115.00516696,
              35.61705291
            ],
            [
              -115.0574109,
              35.60765558
            ],
            [
              -115.11045032,
              35.60198895
            ],
            [
              -115.16388889,
              35.60009535
            ],
            [
              -115.21732746,
              35.60198895
            ],
            [
              -115.27036688,
              35.60765558
            ],
            [
              -115.32261082,
              35.61705291
            ],
            [
              -115.37366857,
              35.63011069
            ],
            [
              -115.42315779,
              35.64673127
            ],
            [
              -115.47070727,
              35.66679032
            ],
            [
              -115.51595954,
              35.69013764
            ],
            [
              -115.55857353,
              35.71659832
            ],
            [
              -115.598227,
              35.74597391
            ],
            [
              -115.63461895,
              35.7780439
            ],
            [
              -115.66747189,
              35.81256727
            ],
            [
              -115.69653395,
              35.84928427
            ],
            [
              -115.72158086,
              35.88791827
            ],
            [
              -115.74241772,
              35.92817779
            ],
            [
              -115.75888065,
              35.96975865
            ],
            [
              -115.77083814,
              36.01234624
            ],
            [
              -115.77819226,
              36.05561778
            ],
            [
              -115.78087961,
              36.09924483
            ],
            [
              -115.77887202,
              36.1428957
            ],
            [
              -115.77217702,
              36.18623796
            ],
            [
              -115.76083797,
              36.228941
            ],
            [
              -115.74493402,
              36.27067858
            ],
            [
              -115.72457969,
              36.31113129
            ],
            [
              -115.69992421,
              36.3499891
            ],
            [
              -115.67115059,
              36.38695372
            ],
            [
              -115.63847432,
              36.42174102
            ],
            [
              -115.6021419,
              36.4540832
            ],
            [
              -115.56242901,
              36.483731
            ],
            [
              -115.51963844,
              36.51045561
            ],
            [
              -115.4740978,
              36.53405058
            ],
            [
              -115.42615693,
              36.55433346
            ],
            [
              -115.37618517,
              36.57114727
            ],
            [
              -115.3245684,
              36.58436179
            ],
            [
              -115.27170595,
              36.5938746
            ],
            [
              -115.21800733,
              36.59961196
            ],
            [
              -115.16388889,
              36.60152937
            ]
          ]
        ]
      },
      "properties": {
        "description": "LAS VEGAS, NV, Wednesday, September 30, 2026 Local",
        "notam": "6_5839",
        "dateIssued": "2026-09-28T11:55:42",
        "dateEffective": "2026-10-01T03:30:00",
        "dateExpire": "2026-10-01T18:15:00",
        "upperVal": 17999,
        "lowerVal": 0,
        "facility": "ZLA",
        "type": "VIP"
      }
    },
    {
      "type": "Feature",
      "geometry": {
        "type": "Polygon",
        "coordinates": [
          [
            [
              -115.16388889,
              36.26773668
            ],
            [
              -115.12810067,
              36.26519574
            ],
            [
              -115.09340662,
              36.2576506
            ],
            [
              -115.06086685,
              36.24533189
            ],
            [
              -115.03147445,
              36.22861602
            ],
            [
              -115.00612482,
              36.20801347
            ],
            [
              -114.98558814,
              36.18415299
            ],
            [
              -114.97048604,
              36.15776213
            ],
            [
              -114.96127295,
              36.12964485
            ],
            [
              -114.95822286,
              36.10065683
            ],
            [
              -114.96142173,
              36.07167931
            ],
            [
              -114.97076565,
              36.04359228
            ],
            [
              -114.98596485,
              36.01724776
            ],
            [
              -115.00655319,
              35.99344412
            ],
            [
              -115.03190282,
              35.97290206
            ],
            [
              -115.06124355,
              35.95624303
            ],
            [
              -115.09368622,
              35.94397065
            ],
            [
              -115.12824944,
              35.93645576
            ],
            [
              -115.16388889,
              35.93392532
            ],
            [
              -115.19952834,
              35.93645576
            ],
            [
              -115.23409156,
              35.94397065
            ],
            [
              -115.26653423,
              35.95624303
            ],
            [
              -115.29587496,
              35.97290206
            ],
            [
              -115.32122459,
              35.99344412
            ],
            [
              -115.34181293,
              36.01724776
            ],
            [
              -115.35701213,
              36.04359228
            ],
            [
              -115.36635605,
              36.07167931
            ],
            [
              -115.36955492,
              36.10065683
            ],
            [
              -115.36650483,
              36.12964485
            ],
            [
              -115.35729174,
              36.15776213
            ],
            [
              -115.34218964,
              36.18415299
            ],
            [
              -115.32165296,
              36.20801347
            ],
            [
              -115.29630333,
              36.22861602
            ],
            [
              -115.26691093,
              36.24533189
            ],
            [
              -115.23437116,
              36.2576506
            ],
            [
              -115.19967711,
              36.26519574
            ],
            [
              -115.16388889,
              36.26773668
            ]
          ]
        ]
      },
      "properties": {
        "description": "LAS VEGAS, NV, Wednesday, September 30, 2026 Local",
        "notam": "6_5839",
        "dateIssued": "2026-09-28T11:55:42",
        "dateEffective": "2026-10-01T03:30:00",
        "dateExpire": "2026-10-01T18:15:00",
        "upperVal": 17999,
        "lowerVal": 0,
        "facility": "ZLA",
        "type": "VIP"
      }
    },
    {
      "type": "Feature",
      "geometry": {
        "type": "Polygon",
        "coordinates": [
          [
            [
              -75.08722222,
              38.34612869
            ],
            [
              -75.0835434,
              38.34587516
            ],
            [
              -75.07997643,
              38.34512228
            ],
            [
              -75.07662977,
              38.34389295
            ],
            [
              -75.07360513,
              38.34222453
            ],
            [
              -75.07099447,
              38.34016775
            ],
            [
              -75.06887709,
              38.33778514
            ],
            [
              -75.06731731,
              38.33514911
            ],
            [
              -75.06636247,
              38.33233978
            ],
            [
              -75.06604152,
              38.32944253
            ],
            [
              -75.06636413,
              38.32654539
            ],
            [
              -75.06732043,
              38.32373639
            ],
            [
              -75.0688813,
              38.32110086
            ],
            [
              -75.07099925,
              38.31871886
            ],
            [
              -75.07360992,
              38.31666274
            ],
            [
              -75.07663397,
              38.31499494
            ],
            [
              -75.07997955,
              38.31376611
            ],
            [
              -75.08354506,
              38.31301356
            ],
            [
              -75.08722222,
              38.31276014
            ],
            [
              -75.09089938,
              38.31301356
            ],
            [
              -75.09446489,
              38.31376611
            ],
            [
              -75.09781047,
              38.31499494
            ],
            [
              -75.10083452,
              38.31666274
            ],
            [
              -75.10344519,
              38.31871886
            ],
            [
              -75.10556314,
              38.32110086
            ],
            [
              -75.10712401,
              38.32373639
            ],
            [
              -75.10808031,
              38.32654539
            ],
            [
              -75.10840292,
              38.32944253
            ],
            [
              -75.10808197,
              38.33233978
            ],
            [
              -75.10712713,
              38.33514911
            ],
            [
              -75.10556735,
              38.33778514
            ],
            [
              -75.10344997,
              38.34016775
            ],
            [
              -75.10083931,
              38.34222453
            ],
            [
              -75.09781467,
              38.34389295
            ],
            [
              -75.09446801,
              38.34512228
            ],
            [
              -75.09090104,
              38.34587516
            ],
            [
              -75.08722222,
              38.34612869
            ]
          ]
        ]
      },
      "properties": {
        "description": "Ocean City, MD, Friday, October 2, 2026 through Sunday, October 4, 2026 UTC",
        "notam": "6_5822",
        "dateIssued": "2026-09-28T10:59:24",
        "dateEffective": "2026-10-02T15:00:00",
        "dateExpire": "2026-10-04T05:00:00",
        "upperVal": 400,
        "lowerVal": 0,
        "facility": "ZDC",
        "type": "UAS PUBLIC GATHERING"
      }
    },
    {
      "type": "Feature",
      "geometry": {
        "type": "Polygon",
        "coordinates": [
          [
            [
              -71.26444444,
              42.10750672
            ],
            [
              -71.26055627,
              42.10725335
            ],
            [
              -71.25678633,
              42.10650093
            ],
            [
              -71.25324925,
              42.10527236
            ],
            [
              -71.25005255,
              42.10360499
            ],
            [
              -71.24729341,
              42.1015495
            ],
            [
              -71.24505565,
              42.09916839
            ],
            [
              -71.24340725,
              42.09653404
            ],
            [
              -71.24239821,
              42.09372652
            ],
            [
              -71.24205913,
              42.09083115
            ],
            [
              -71.24240022,
              42.0879359
            ],
            [
              -71.24341101,
              42.08512876
            ],
            [
              -71.24506073,
              42.08249498
            ],
            [
              -71.24729919,
              42.08011458
            ],
            [
              -71.25005833,
              42.07805984
            ],
            [
              -71.25325432,
              42.07639317
            ],
            [
              -71.2567901,
              42.07516517
            ],
            [
              -71.26055827,
              42.07441314
            ],
            [
              -71.26444444,
              42.07415989
            ],
            [
              -71.26833061,
              42.07441314
            ],
            [
              -71.27209878,
              42.07516517
            ],
            [
              -71.27563456,
              42.07639317
            ],
            [
              -71.27883055,
              42.07805984
            ],
            [
              -71.28158969,
              42.08011458
            ],
            [
              -71.28382815,
              42.08249498
            ],
            [
              -71.28547787,
              42.08512876
            ],
            [
              -71.28648866,
              42.0879359
            ],
            [
              -71.28682975,
              42.09083115
            ],
            [
              -71.28649067,
              42.09372652
            ],
            [
              -71.28548163,
              42.09653404
            ],
            [
              -71.28383323,
              42.09916839
            ],
            [
              -71.28159547,
              42.1015495
            ],
            [
              -71.27883633,
              42.10360499
            ],
            [
              -71.27563963,
              42.10527236
            ],
            [
              -71.27210255,
              42.10650093
            ],
            [
              -71.26833261,
              42.10725335
            ],
            [
              -71.26444444,
              42.10750672
            ]
          ]
        ]
      },
      "properties": {
        "description": "Foxborough, MA, Friday, October 2, 2026 through Sunday, October 4, 2026 UTC",
        "notam": "6_5821",
        "dateIssued": "2026-09-28T10:58:55",
        "dateEffective": "2026-10-02T22:00:00",
        "dateExpire": "2026-10-04T03:59:00",
        "upperVal": 400,
        "lowerVal": 0,
        "facility": "ZBW",
        "type": "UAS PUBLIC GATHERING"
      }
    },
    {
      "type": "Feature",
      "geometry": {
        "type": "Polygon",
        "coordinates": [
          [
            [
              -122.45,
              38.25059501
            ],
            [
              -122.39099374,
              38.24854862
            ],
            [
              -122.33244635,
              38.24242539
            ],
            [
              -122.27481291,
              38.2322729
            ],
            [
              -122.21854092,
              38.21817007
            ],
            [
              -122.16406666,
              38.20022646
            ],
            [
              -122.11181157,
              38.17858134
            ],
            [
              -122.06217888,
              38.15340263
            ],
            [
              -122.01555033,
              38.12488543
            ],
            [
              -121.97228316,
              38.09325047
            ],
            [
              -121.93270733,
              38.05874234
            ],
            [
              -121.897123,
              38.02162743
            ],
            [
              -121.86579827,
              37.98219189
            ],
            [
              -121.83896722,
              37.94073926
            ],
            [
              -121.81682832,
              37.89758807
            ],
            [
              -121.79954303,
              37.85306935
            ],
            [
              -121.78723487,
              37.80752403
            ],
            [
              -121.77998866,
              37.76130024
            ],
            [
              -121.77785023,
              37.71475068
            ],
            [
              -121.78082627,
              37.66822985
            ],
            [
              -121.78888463,
              37.6220914
            ],
            [
              -121.80195485,
              37.57668542
            ],
            [
              -121.81992892,
              37.53235582
            ],
            [
              -121.84266242,
              37.48943778
            ],
            [
              -121.8699758,
              37.44825524
            ],
            [
              -121.90165596,
              37.40911855
            ],
            [
              -121.93745799,
              37.37232215
            ],
            [
              -121.97710718,
              37.33814251
            ],
            [
              -122.02030114,
              37.30683606
            ],
            [
              -122.06671213,
              37.27863738
            ],
            [
              -122.1159895,
              37.25375755
            ],
            [
              -122.1677623,
              37.23238257
            ],
            [
              -122.22164197,
              37.21467215
            ],
            [
              -122.27722512,
              37.20075848
            ],
            [
              -122.33409641,
              37.19074537
            ],
            [
              -122.3918315,
              37.18470749
            ],
            [
              -122.45,
              37.18268985
            ],
            [
              -122.5081685,
              37.18470749
            ],
            [
              -122.56590359,
              37.19074537
            ],
            [
              -122.62277488,
              37.20075848
            ],
            [
              -122.67835803,
              37.21467215
            ],
            [
              -122.7322377,
              37.23238257
            ],
            [
              -122.7840105,
              37.25375755
            ],
            [
              -122.83328787,
              37.27863738
            ],
            [
              -122.87969886,
              37.30683606
            ],
            [
              -122.92289282,
              37.33814251
            ],
            [
              -122.96254201,
              37.37232215
            ],
            [
              -122.99834404,
              37.40911855
            ],
            [
              -123.0300242,
              37.44825524
            ],
            [
              -123.05733758,
              37.48943778
            ],
            [
              -123.08007108,
              37.53235582
            ],
            [
              -123.09804515,
              37.57668542
            ],
            [
              -123.11111537,
              37.6220914
            ],
            [
              -123.11917373,
              37.66822985
            ],
            [
              -123.12214977,
              37.71475068
            ],
            [
              -123.12001134,
              37.76130024
            ],
            [
              -123.11276513,
              37.80752403
            ],
            [
              -123.10045697,
              37.85306935
            ],
            [
              -123.08317168,
              37.89758807
            ],
            [
              -123.06103278,
              37.94073926
            ],
            [
              -123.03420173,
              37.98219189
            ],
            [
              -123.002877,
              38.02162743
            ],
            [
              -122.96729267,
              38.05874234
            ],
            [
              -122.92771684,
              38.09325047
            ],
            [
              -122.88444967,
              38.12488543
            ],
            [
              -122.83782112,
              38.15340263
            ],
            [
              -122.78818843,
              38.17858134
            ],
            [
              -122.73593334,
              38.20022646
            ],
            [
              -122.68145908,
              38.21817007
            ],
            [
              -122.62518709,
              38.2322729
            ],
            [
              -122.56755365,
              38.24242539
            ],
            [
              -122.50900626,
              38.24854862
            ],
            [
              -122.45,
              38.25059501
            ]
          ]
        ]
      },
      "properties": {
        "description": "SAN FRANCISCO, CA, Wednesday, September 30, 2026 through Wednesday, September 30, 2026 Local",
        "notam": "6_5794",
        "dateIssued": "2026-09-28T01:54:55",
        "dateEffective": "2026-09-30T23:15:00",
        "dateExpire": "2026-10-01T03:45:00",
        "upperVal": 17999,
        "lowerVal": 0,
        "facility": "ZOA",
        "type": "VIP"
      }
    },
    {
      "type": "Feature",
      "geometry": {
        "type": "Polygon",
        "coordinates": [
          [
            [
              -122.45,
              37.91689549
            ],
            [
              -122.42797234,
              37.91613152
            ],
            [
              -122.40611367,
              37.91384546
            ],
            [
              -122.38459167,
              37.91005485
            ],
            [
              -122.36357137,
              37.90478877
            ],
            [
              -122.34321386,
              37.89808759
            ],
            [
              -122.32367502,
              37.89000271
            ],
            [
              -122.30510433,
              37.88059608
            ],
            [
              -122.28764369,
              37.86993977
            ],
            [
              -122.27142634,
              37.85811541
            ],
            [
              -122.2565758,
              37.84521352
            ],
            [
              -122.24320497,
              37.83133281
            ],
            [
              -122.23141525,
              37.81657943
            ],
            [
              -122.22129578,
              37.80106615
            ],
            [
              -122.21292279,
              37.78491147
            ],
            [
              -122.20635904,
              37.76823869
            ],
            [
              -122.20165336,
              37.75117502
            ],
            [
              -122.19884036,
              37.73385054
            ],
            [
              -122.19794012,
              37.71639723
            ],
            [
              -122.19895815,
              37.69894796
            ],
            [
              -122.20188538,
              37.68163548
            ],
            [
              -122.20669822,
              37.66459141
            ],
            [
              -122.21335883,
              37.64794523
            ],
            [
              -122.22181543,
              37.63182334
            ],
            [
              -122.23200273,
              37.61634804
            ],
            [
              -122.24384243,
              37.60163669
            ],
            [
              -122.25724387,
              37.58780077
            ],
            [
              -122.27210471,
              37.57494507
            ],
            [
              -122.28831176,
              37.56316691
            ],
            [
              -122.30574179,
              37.5525554
            ],
            [
              -122.32426251,
              37.5431908
            ],
            [
              -122.34373352,
              37.5351439
            ],
            [
              -122.36400743,
              37.52847552
            ],
            [
              -122.38493086,
              37.52323603
            ],
            [
              -122.40634569,
              37.51946502
            ],
            [
              -122.42809013,
              37.51719096
            ],
            [
              -122.45,
              37.51643103
            ],
            [
              -122.47190987,
              37.51719096
            ],
            [
              -122.49365431,
              37.51946502
            ],
            [
              -122.51506914,
              37.52323603
            ],
            [
              -122.53599257,
              37.52847552
            ],
            [
              -122.55626648,
              37.5351439
            ],
            [
              -122.57573749,
              37.5431908
            ],
            [
              -122.59425821,
              37.5525554
            ],
            [
              -122.61168824,
              37.56316691
            ],
            [
              -122.62789529,
              37.57494507
            ],
            [
              -122.64275613,
              37.58780077
            ],
            [
              -122.65615757,
              37.60163669
            ],
            [
              -122.66799727,
              37.61634804
            ],
            [
              -122.67818457,
              37.63182334
            ],
            [
              -122.68664117,
              37.64794523
            ],
            [
              -122.69330178,
              37.66459141
            ],
            [
              -122.69811462,
              37.68163548
            ],
            [
              -122.70104185,
              37.69894796
            ],
            [
              -122.70205988,
              37.71639723
            ],
            [
              -122.70115964,
              37.73385054
            ],
            [
              -122.69834664,
              37.75117502
            ],
            [
              -122.69364096,
              37.76823869
            ],
            [
              -122.68707721,
              37.78491147
            ],
            [
              -122.67870422,
              37.80106615
            ],
            [
              -122.66858475,
              37.81657943
            ],
            [
              -122.65679503,
              37.83133281
            ],
            [
              -122.6434242,
              37.84521352
            ],
            [
              -122.62857366,
              37.85811541
            ],
            [
              -122.61235631,
              37.86993977
            ],
            [
              -122.59489567,
              37.88059608
            ],
            [
              -122.57632498,
              37.89000271
            ],
            [
              -122.55678614,
              37.89808759
            ],
            [
              -122.53642863,
              37.90478877
            ],
            [
              -122.51540833,
              37.91005485
            ],
            [
              -122.49388633,
              37.91384546
            ],
            [
              -122.47202766,
              37.91613152
            ],
            [
              -122.45,
              37.91689549
            ]
          ]
        ]
      },
      "properties": {
        "description": "SAN FRANCISCO, CA, Wednesday, September 30, 2026 through Wednesday, September 30, 2026 Local",
        "notam": "6_5794",
        "dateIssued": "2026-09-28T01:54:55",
        "dateEffective": "2026-09-30T23:15:00",
        "dateExpire": "2026-10-01T03:45:00",
        "upperVal": 17999,
        "lowerVal": 0,
        "facility": "ZOA",
        "type": "VIP"
      }
    },
    {
      "type": "Feature",
      "geometry": {
        "type": "Polygon",
        "coordinates": [
          [
            [
              -100.5,
              30.85019079
            ],
            [
              -100.48318969,
              30.84892079
            ],
            [
              -100.46689145,
              30.84514947
            ],
            [
              -100.45160163,
              30.83899171
            ],
            [
              -100.43778564,
              30.83063503
            ],
            [
              -100.42586372,
              30.82033387
            ],
            [
              -100.41619811,
              30.80840179
            ],
            [
              -100.40908204,
              30.79520186
            ],
            [
              -100.40473088,
              30.78113557
            ],
            [
              -100.40327571,
              30.7666306
            ],
            [
              -100.40475945,
              30.75212778
            ],
            [
              -100.40913573,
              30.73806766
            ],
            [
              -100.41627044,
              30.72487718
            ],
            [
              -100.42594597,
              30.71295669
            ],
            [
              -100.43786789,
              30.70266787
            ],
            [
              -100.45167396,
              30.69432278
            ],
            [
              -100.46694514,
              30.68817447
            ],
            [
              -100.48321826,
              30.68440933
            ],
            [
              -100.5,
              30.68314147
            ],
            [
              -100.51678174,
              30.68440933
            ],
            [
              -100.53305486,
              30.68817447
            ],
            [
              -100.54832604,
              30.69432278
            ],
            [
              -100.56213211,
              30.70266787
            ],
            [
              -100.57405403,
              30.71295669
            ],
            [
              -100.58372956,
              30.72487718
            ],
            [
              -100.59086427,
              30.73806766
            ],
            [
              -100.59524055,
              30.75212778
            ],
            [
              -100.59672429,
              30.7666306
            ],
            [
              -100.59526912,
              30.78113557
            ],
            [
              -100.59091796,
              30.79520186
            ],
            [
              -100.58380189,
              30.80840179
            ],
            [
              -100.57413628,
              30.82033387
            ],
            [
              -100.56221436,
              30.83063503
            ],
            [
              -100.54839837,
              30.83899171
            ],
            [
              -100.53310855,
              30.84514947
            ],
            [
              -100.51681031,
              30.84892079
            ],
            [
              -100.5,
              30.85019079
            ]
          ]
        ]
      },
      "properties": {
        "description": "14NM NE SONORA, TX, Monday, September 28, 2026 through Saturday, October 10, 2026 UTC",
        "notam": "6_5792",
        "dateIssued": "2026-09-28T01:43:18",
        "dateEffective": "2026-09-28T14:00:00",
        "dateExpire": "2026-10-10T01:00:00",
        "upperVal": 7000,
        "lowerVal": 0,
        "facility": "ZHU",
        "type": "HAZARDS"
      }
    },
    {
      "type": "Feature",
      "geometry": {
        "type": "Polygon",
        "coordinates": [
          [
            [
              -97.04944444,
              32.90978758
            ],
            [
              -97.04256896,
              32.90927999
            ],
            [
              -97.03590261,
              32.90777266
            ],
            [
              -97.02964816,
              32.90531145
            ],
            [
              -97.02399578,
              32.9019712
            ],
            [
              -97.01911732,
              32.8978535
            ],
            [
              -97.01516098,
              32.89308356
            ],
            [
              -97.01224691,
              32.8878064
            ],
            [
              -97.0104635,
              32.88218245
            ],
            [
              -97.00986474,
              32.87638263
            ],
            [
              -97.01046858,
              32.87058318
            ],
            [
              -97.01225645,
              32.8649603
            ],
            [
              -97.01517384,
              32.85968478
            ],
            [
              -97.01913193,
              32.85491686
            ],
            [
              -97.0240104,
              32.8508013
            ],
            [
              -97.02966101,
              32.84746307
            ],
            [
              -97.03591215,
              32.84500349
            ],
            [
              -97.04257403,
              32.84349724
            ],
            [
              -97.04944444,
              32.84299002
            ],
            [
              -97.05631485,
              32.84349724
            ],
            [
              -97.06297673,
              32.84500349
            ],
            [
              -97.06922787,
              32.84746307
            ],
            [
              -97.07487848,
              32.8508013
            ],
            [
              -97.07975695,
              32.85491686
            ],
            [
              -97.08371504,
              32.85968478
            ],
            [
              -97.08663243,
              32.8649603
            ],
            [
              -97.0884203,
              32.87058318
            ],
            [
              -97.08902414,
              32.87638263
            ],
            [
              -97.08842538,
              32.88218245
            ],
            [
              -97.08664197,
              32.8878064
            ],
            [
              -97.0837279,
              32.89308356
            ],
            [
              -97.07977156,
              32.8978535
            ],
            [
              -97.0748931,
              32.9019712
            ],
            [
              -97.06924072,
              32.90531145
            ],
            [
              -97.06298627,
              32.90777266
            ],
            [
              -97.05631992,
              32.90927999
            ],
            [
              -97.04944444,
              32.90978758
            ]
          ]
        ]
      },
      "properties": {
        "description": "Dallas, TX, Thursday, October 1, 2026 through Thursday, October 1, 2026 Local",
        "notam": "6_5774",
        "dateIssued": "2026-09-27T23:07:30",
        "dateEffective": "2026-10-01T17:30:00",
        "dateExpire": "2026-10-02T03:00:00",
        "upperVal": 2000,
        "lowerVal": 0,
        "facility": "ZFW",
        "type": "SECURITY"
      }
    },
    {
      "type": "Feature",
      "geometry": {
        "type": "Polygon",
        "coordinates": [
          [
            [
              -115.13083333,
              36.11532559
            ],
            [
              -115.12368935,
              36.11481824
            ],
            [
              -115.1167627,
              36.11331164
            ],
            [
              -115.11026409,
              36.11085161
            ],
            [
              -115.10439114,
              36.10751298
            ],
            [
              -115.0993224,
              36.10339731
            ],
            [
              -115.09521187,
              36.09862974
            ],
            [
              -115.09218436,
              36.09335525
            ],
            [
              -115.09033169,
              36.08773419
            ],
            [
              -115.08970991,
              36.08193738
            ],
            [
              -115.09033764,
              36.076141
            ],
            [
              -115.09219554,
              36.07052114
            ],
            [
              -115.09522692,
              36.06524851
            ],
            [
              -115.09933952,
              36.06048321
            ],
            [
              -115.10440826,
              36.05636996
            ],
            [
              -115.11027914,
              36.05303361
            ],
            [
              -115.11677387,
              36.05057543
            ],
            [
              -115.12369529,
              36.04907003
            ],
            [
              -115.13083333,
              36.0485631
            ],
            [
              -115.13797137,
              36.04907003
            ],
            [
              -115.14489279,
              36.05057543
            ],
            [
              -115.15138752,
              36.05303361
            ],
            [
              -115.1572584,
              36.05636996
            ],
            [
              -115.16232714,
              36.06048321
            ],
            [
              -115.16643974,
              36.06524851
            ],
            [
              -115.16947112,
              36.07052114
            ],
            [
              -115.17132902,
              36.076141
            ],
            [
              -115.17195675,
              36.08193738
            ],
            [
              -115.17133497,
              36.08773419
            ],
            [
              -115.1694823,
              36.09335525
            ],
            [
              -115.16645479,
              36.09862974
            ],
            [
              -115.16234426,
              36.10339731
            ],
            [
              -115.15727552,
              36.10751298
            ],
            [
              -115.15140257,
              36.11085161
            ],
            [
              -115.14490396,
              36.11331164
            ],
            [
              -115.13797731,
              36.11481824
            ],
            [
              -115.13083333,
              36.11532559
            ]
          ]
        ]
      },
      "properties": {
        "description": "Las Vegas, NV, Wednesday, September 30, 2026 Local",
        "notam": "6_5773",
        "dateIssued": "2026-09-27T23:01:26",
        "dateEffective": "2026-10-01T02:11:00",
        "dateExpire": "2026-10-01T19:00:00",
        "upperVal": 2000,
        "lowerVal": 0,
        "facility": "ZLA",
        "type": "SECURITY"
      }
    },
    {
      "type": "Feature",
      "geometry": {
        "type": "Polygon",
        "coordinates": [
          [
            [
              -83.8125,
              34.23292363
            ],
            [
              -83.79504722,
              34.23165417
            ],
            [
              -83.77812626,
              34.22788444
            ],
            [
              -83.7622526,
              34.22172933
            ],
            [
              -83.74790956,
              34.21337633
            ],
            [
              -83.73553346,
              34.20307984
            ],
            [
              -83.72550035,
              34.19115336
            ],
            [
              -83.71811454,
              34.17795985
            ],
            [
              -83.71359944,
              34.1639007
            ],
            [
              -83.7120909,
              34.14940338
            ],
            [
              -83.71363323,
              34.1349085
            ],
            [
              -83.71817803,
              34.12085638
            ],
            [
              -83.7255859,
              34.10767365
            ],
            [
              -83.73563074,
              34.09576038
            ],
            [
              -83.74800684,
              34.08547796
            ],
            [
              -83.76233815,
              34.07713817
            ],
            [
              -83.77818975,
              34.07099383
            ],
            [
              -83.795081,
              34.06723114
            ],
            [
              -83.8125,
              34.06596411
            ],
            [
              -83.829919,
              34.06723114
            ],
            [
              -83.84681025,
              34.07099383
            ],
            [
              -83.86266185,
              34.07713817
            ],
            [
              -83.87699316,
              34.08547796
            ],
            [
              -83.88936926,
              34.09576038
            ],
            [
              -83.8994141,
              34.10767365
            ],
            [
              -83.90682197,
              34.12085638
            ],
            [
              -83.91136677,
              34.1349085
            ],
            [
              -83.9129091,
              34.14940338
            ],
            [
              -83.91140056,
              34.1639007
            ],
            [
              -83.90688546,
              34.17795985
            ],
            [
              -83.89949965,
              34.19115336
            ],
            [
              -83.88946654,
              34.20307984
            ],
            [
              -83.87709044,
              34.21337633
            ],
            [
              -83.8627474,
              34.22172933
            ],
            [
              -83.84687374,
              34.22788444
            ],
            [
              -83.82995278,
              34.23165417
            ],
            [
              -83.8125,
              34.23292363
            ]
          ]
        ]
      },
      "properties": {
        "description": "Braselton, GA, Saturday, October 3, 2026 UTC",
        "notam": "6_5762",
        "dateIssued": "2026-09-27T19:39:49",
        "dateEffective": "2026-10-03T15:15:00",
        "dateExpire": "2026-10-03T16:15:00",
        "upperVal": 9000,
        "lowerVal": 0,
        "facility": "ZTL",
        "type": "AIR SHOWS/SPORTS"
      }
    },
    {
      "type": "Feature",
      "geometry": {
        "type": "Polygon",
        "coordinates": [
          [
            [
              -92.24888889,
              34.88452647
            ],
            [
              -92.23833518,
              34.88376515
            ],
            [
              -92.22810271,
              34.88150439
            ],
            [
              -92.21850289,
              34.87781298
            ],
            [
              -92.20982777,
              34.87280326
            ],
            [
              -92.20234113,
              34.86662769
            ],
            [
              -92.19627047,
              34.85947413
            ],
            [
              -92.19180002,
              34.85156015
            ],
            [
              -92.18906526,
              34.84312641
            ],
            [
              -92.18814877,
              34.83442928
            ],
            [
              -92.18907784,
              34.82573304
            ],
            [
              -92.19182366,
              34.8173019
            ],
            [
              -92.19630232,
              34.80939191
            ],
            [
              -92.20237736,
              34.80224322
            ],
            [
              -92.20986399,
              34.79607284
            ],
            [
              -92.21853474,
              34.79106801
            ],
            [
              -92.22812635,
              34.78738058
            ],
            [
              -92.23834776,
              34.78512241
            ],
            [
              -92.24888889,
              34.784362
            ],
            [
              -92.25943002,
              34.78512241
            ],
            [
              -92.26965143,
              34.78738058
            ],
            [
              -92.27924304,
              34.79106801
            ],
            [
              -92.28791379,
              34.79607284
            ],
            [
              -92.29540042,
              34.80224322
            ],
            [
              -92.30147546,
              34.80939191
            ],
            [
              -92.30595412,
              34.8173019
            ],
            [
              -92.30869994,
              34.82573304
            ],
            [
              -92.30962901,
              34.83442928
            ],
            [
              -92.30871252,
              34.84312641
            ],
            [
              -92.30597776,
              34.85156015
            ],
            [
              -92.30150731,
              34.85947413
            ],
            [
              -92.29543665,
              34.86662769
            ],
            [
              -92.28795001,
              34.87280326
            ],
            [
              -92.27927489,
              34.87781298
            ],
            [
              -92.26967507,
              34.88150439
            ],
            [
              -92.2594426,
              34.88376515
            ],
            [
              -92.24888889,
              34.88452647
            ]
          ]
        ]
      },
      "properties": {
        "description": "North Little Rock, AR, Friday, October 2, 2026 through Sunday, October 4, 2026 UTC",
        "notam": "6_5761",
        "dateIssued": "2026-09-27T19:29:47",
        "dateEffective": "2026-10-02T19:00:00",
        "dateExpire": "2026-10-04T21:30:00",
        "upperVal": 8000,
        "lowerVal": 0,
        "facility": "ZME",
        "type": "AIR SHOWS/SPORTS"
      }
    },
    {
      "type": "Feature",
      "geometry": {
        "type": "Polygon",
        "coordinates": [
          [
            [
              -118.59166667,
              44.6666659
            ],
            [
              -118.58761138,
              44.66641264
            ],
            [
              -118.58367941,
              44.66566055
            ],
            [
              -118.57999033,
              44.6644325
            ],
            [
              -118.57665629,
              44.66276584
            ],
            [
              -118.57377863,
              44.66071124
            ],
            [
              -118.57144478,
              44.65833117
            ],
            [
              -118.56972563,
              44.65569797
            ],
            [
              -118.56867334,
              44.65289169
            ],
            [
              -118.56831979,
              44.64999761
            ],
            [
              -118.56867562,
              44.64710368
            ],
            [
              -118.56972993,
              44.64429781
            ],
            [
              -118.57145057,
              44.64166524
            ],
            [
              -118.57378521,
              44.63928594
            ],
            [
              -118.57666288,
              44.63723216
            ],
            [
              -118.57999612,
              44.63556627
            ],
            [
              -118.58368371,
              44.63433885
            ],
            [
              -118.58761367,
              44.63358717
            ],
            [
              -118.59166667,
              44.63333405
            ],
            [
              -118.59571967,
              44.63358717
            ],
            [
              -118.59964962,
              44.63433885
            ],
            [
              -118.60333721,
              44.63556627
            ],
            [
              -118.60667046,
              44.63723216
            ],
            [
              -118.60954812,
              44.63928594
            ],
            [
              -118.61188276,
              44.64166524
            ],
            [
              -118.61360341,
              44.64429781
            ],
            [
              -118.61465771,
              44.64710368
            ],
            [
              -118.61501354,
              44.64999761
            ],
            [
              -118.61466,
              44.65289169
            ],
            [
              -118.6136077,
              44.65569797
            ],
            [
              -118.61188855,
              44.65833117
            ],
            [
              -118.60955471,
              44.66071124
            ],
            [
              -118.60667704,
              44.66276584
            ],
            [
              -118.603343,
              44.6644325
            ],
            [
              -118.59965392,
              44.66566055
            ],
            [
              -118.59572195,
              44.66641264
            ],
            [
              -118.59166667,
              44.6666659
            ]
          ]
        ]
      },
      "properties": {
        "description": "14 NM NE OF PRAIRIE CITY, OR, Sunday, September 27, 2026 through Tuesday, September 29, 2026 UTC",
        "notam": "6_5701",
        "dateIssued": "2026-09-26T15:59:00",
        "dateEffective": "2026-09-27T13:00:00",
        "dateExpire": "2026-09-29T01:00:00",
        "upperVal": 7500,
        "lowerVal": 0,
        "facility": "ZSE",
        "type": "HAZARDS"
      }
    },
    {
      "type": "Feature",
      "geometry": {
        "type": "Polygon",
        "coordinates": [
          [
            [
              -97.16666667,
              25.93333333
            ],
            [
              -97.2,
              26.01666667
            ],
            [
              -97.11666667,
              26.06666667
            ],
            [
              -96.91666667,
              26.06666667
            ],
            [
              -96.91666667,
              26.0
            ],
            [
              -97.0,
              26.0
            ],
            [
              -97.16666667,
              25.93333333
            ]
          ]
        ]
      },
      "properties": {
        "description": "Starbase, TX, Tuesday, September 29, 2026 Local",
        "notam": "6_5574",
        "dateIssued": "2026-09-26T02:00:16",
        "dateEffective": "2026-09-29T12:00:00",
        "dateExpire": "2026-09-29T14:08:00",
        "upperVal": 999900,
        "lowerVal": 0,
        "facility": "ZHU",
        "type": "SPACE OPERATIONS"
      }
    },
    {
      "type": "Feature",
      "geometry": {
        "type": "Polygon",
        "coordinates": [
          [
            [
              -97.16666667,
              25.93333333
            ],
            [
              -97.2,
              26.01666667
            ],
            [
              -97.11666667,
              26.06666667
            ],
            [
              -96.91666667,
              26.06666667
            ],
            [
              -96.91666667,
              26.0
            ],
            [
              -97.0,
              26.0
            ],
            [
              -97.16666667,
              25.93333333
            ]
          ]
        ]
      },
      "properties": {
        "description": "Starbase, TX, Wednesday, September 30, 2026 Local",
        "notam": "6_5575",
        "dateIssued": "2026-09-26T02:00:21",
        "dateEffective": "2026-09-30T12:00:00",
        "dateExpire": "2026-09-30T14:08:00",
        "upperVal": 999900,
        "lowerVal": 0,
        "facility": "ZHU",
        "type": "SPACE OPERATIONS"
      }
    },
    {
      "type": "Feature",
      "geometry": {
        "type": "Polygon",
        "coordinates": [
          [
            [
              -97.16666667,
              25.93333333
            ],
            [
              -97.2,
              26.01666667
            ],
            [
              -97.11666667,
              26.06666667
            ],
            [
              -96.91666667,
              26.06666667
            ],
            [
              -96.91666667,
              26.0
            ],
            [
              -97.0,
              26.0
            ],
            [
              -97.16666667,
              25.93333333
            ]
          ]
        ]
      },
      "properties": {
        "description": "Starbase, TX, Monday, September 28, 2026 Local",
        "notam": "6_5573",
        "dateIssued": "2026-09-26T02:00:02",
        "dateEffective": "2026-09-28T12:00:00",
        "dateExpire": "2026-09-28T14:08:00",
        "upperVal": 999900,
        "lowerVal": 0,
        "facility": "ZHU",
        "type": "SPACE OPERATIONS"
      }
    },
    {
      "type": "Feature",
      "geometry": {
        "type": "Polygon",
        "coordinates": [
          [
            [
              -118.59166667,
              44.6666659
            ],
            [
              -118.58761138,
              44.66641264
            ],
            [
              -118.58367941,
              44.66566055
            ],
            [
              -118.57999033,
              44.6644325
            ],
            [
              -118.57665629,
              44.66276584
            ],
            [
              -118.57377863,
              44.66071124
            ],
            [
              -118.57144478,
              44.65833117
            ],
            [
              -118.56972563,
              44.65569797
            ],
            [
              -118.56867334,
              44.65289169
            ],
            [
              -118.56831979,
              44.64999761
            ],
            [
              -118.56867562,
              44.64710368
            ],
            [
              -118.56972993,
              44.64429781
            ],
            [
              -118.57145057,
              44.64166524
            ],
            [
              -118.57378521,
              44.63928594
            ],
            [
              -118.57666288,
              44.63723216
            ],
            [
              -118.57999612,
              44.63556627
            ],
            [
              -118.58368371,
              44.63433885
            ],
            [
              -118.58761367,
              44.63358717
            ],
            [
              -118.59166667,
              44.63333405
            ],
            [
              -118.59571967,
              44.63358717
            ],
            [
              -118.59964962,
              44.63433885
            ],
            [
              -118.60333721,
              44.63556627
            ],
            [
              -118.60667046,
              44.63723216
            ],
            [
              -118.60954812,
              44.63928594
            ],
            [
              -118.61188276,
              44.64166524
            ],
            [
              -118.61360341,
              44.64429781
            ],
            [
              -118.61465771,
              44.64710368
            ],
            [
              -118.61501354,
              44.64999761
            ],
            [
              -118.61466,
              44.65289169
            ],
            [
              -118.6136077,
              44.65569797
            ],
            [
              -118.61188855,
              44.65833117
            ],
            [
              -118.60955471,
              44.66071124
            ],
            [
              -118.60667704,
              44.66276584
            ],
            [
              -118.603343,
              44.6644325
            ],
            [
              -118.59965392,
              44.66566055
            ],
            [
              -118.59572195,
              44.66641264
            ],
            [
              -118.59166667,
              44.6666659
            ]
          ]
        ]
      },
      "properties": {
        "description": "14 NM NE OF PRAIRIE CITY, OR, Sunday, September 27, 2026 through Tuesday, September 29, 2026 UTC",
        "notam": "6_5561",
        "dateIssued": "2026-09-25T23:07:49",
        "dateEffective": "2026-09-27T13:00:00",
        "dateExpire": "2026-09-29T01:00:00",
        "upperVal": 7500,
        "lowerVal": 0,
        "facility": "ZLC",
        "type": "HAZARDS"
      }
    },
    {
      "type": "Feature",
      "geometry": {
        "type": "Polygon",
        "coordinates": [
          [
            [
              -118.70833333,
              44.1
            ],
            [
              -118.68333333,
              44.10833333
            ],
            [
              -118.68333333,
              44.13333333
            ],
            [
              -118.73333333,
              44.12916667
            ],
            [
              -118.73333333,
              44.10833333
            ],
            [
              -118.71666667,
              44.1
            ],
            [
              -118.70833333,
              44.1
            ]
          ]
        ]
      },
      "properties": {
        "description": "20NM SE JOHN DAY, OR, Monday, September 28, 2026 through Thursday, October 1, 2026 UTC",
        "notam": "6_5559",
        "dateIssued": "2026-09-25T22:13:13",
        "dateEffective": "2026-09-28T14:00:00",
        "dateExpire": "2026-10-01T03:00:00",
        "upperVal": 7500,
        "lowerVal": 0,
        "facility": "ZLC",
        "type": "HAZARDS"
      }
    },
    {
      "type": "Feature",
      "geometry": {
        "type": "Polygon",
        "coordinates": [
          [
            [
              -108.53333333,
              39.24316168
            ],
            [
              -108.50725735,
              39.24138475
            ],
            [
              -108.48197751,
              39.23610819
            ],
            [
              -108.45826531,
              39.22749308
            ],
            [
              -108.43684374,
              39.21580234
            ],
            [
              -108.41836498,
              39.2013926
            ],
            [
              -108.40339051,
              39.18470319
            ],
            [
              -108.39237395,
              39.1662426
            ],
            [
              -108.38564752,
              39.1465729
            ],
            [
              -108.38341224,
              39.12629248
            ],
            [
              -108.38573219,
              39.10601781
            ],
            [
              -108.39253307,
              39.08636465
            ],
            [
              -108.40360489,
              39.0679294
            ],
            [
              -108.41860877,
              39.05127106
            ],
            [
              -108.43708752,
              39.03689439
            ],
            [
              -108.4584797,
              39.02523474
            ],
            [
              -108.48213663,
              39.01664497
            ],
            [
              -108.50734201,
              39.01138494
            ],
            [
              -108.53333333,
              39.00961375
            ],
            [
              -108.55932465,
              39.01138494
            ],
            [
              -108.58453003,
              39.01664497
            ],
            [
              -108.60818696,
              39.02523474
            ],
            [
              -108.62957914,
              39.03689439
            ],
            [
              -108.64805789,
              39.05127106
            ],
            [
              -108.66306177,
              39.0679294
            ],
            [
              -108.67413359,
              39.08636465
            ],
            [
              -108.68093447,
              39.10601781
            ],
            [
              -108.68325442,
              39.12629248
            ],
            [
              -108.68101914,
              39.1465729
            ],
            [
              -108.67429271,
              39.1662426
            ],
            [
              -108.66327615,
              39.18470319
            ],
            [
              -108.64830168,
              39.2013926
            ],
            [
              -108.62982292,
              39.21580234
            ],
            [
              -108.60840135,
              39.22749308
            ],
            [
              -108.58468915,
              39.23610819
            ],
            [
              -108.55940931,
              39.24138475
            ],
            [
              -108.53333333,
              39.24316168
            ]
          ]
        ]
      },
      "properties": {
        "description": "Grand Junction, CO, Thursday, October 1, 2026 through Sunday, October 4, 2026 UTC",
        "notam": "6_5558",
        "dateIssued": "2026-09-25T20:55:31",
        "dateEffective": "2026-10-01T18:00:00",
        "dateExpire": "2026-10-04T23:00:00",
        "upperVal": 17999,
        "lowerVal": 0,
        "facility": "ZDV",
        "type": "AIR SHOWS/SPORTS"
      }
    },
    {
      "type": "Feature",
      "geometry": {
        "type": "Polygon",
        "coordinates": [
          [
            [
              -81.435,
              30.32166667
            ],
            [
              -81.4341697,
              30.32173249
            ],
            [
              -81.42713477,
              30.32126255
            ],
            [
              -81.42007941,
              30.32132594
            ],
            [
              -81.41305721,
              30.32192217
            ],
            [
              -81.40612148,
              30.32304673
            ],
            [
              -81.39932491,
              30.32469105
            ],
            [
              -81.39271913,
              30.32684267
            ],
            [
              -81.38635433,
              30.32948523
            ],
            [
              -81.38027887,
              30.33259866
            ],
            [
              -81.37453893,
              30.33615931
            ],
            [
              -81.36917817,
              30.34014012
            ],
            [
              -81.36423736,
              30.34451086
            ],
            [
              -81.3597541,
              30.34923829
            ],
            [
              -81.35576255,
              30.3542865
            ],
            [
              -81.35229312,
              30.35961711
            ],
            [
              -81.34937227,
              30.36518959
            ],
            [
              -81.34702231,
              30.37096156
            ],
            [
              -81.34526121,
              30.37688914
            ],
            [
              -81.34410248,
              30.38292723
            ],
            [
              -81.34355504,
              30.38902989
            ],
            [
              -81.34362317,
              30.39515069
            ],
            [
              -81.34430647,
              30.40124305
            ],
            [
              -81.34559985,
              30.40726058
            ],
            [
              -81.34749357,
              30.41315747
            ],
            [
              -81.34997333,
              30.41888883
            ],
            [
              -81.35302033,
              30.42441099
            ],
            [
              -81.35661145,
              30.42968189
            ],
            [
              -81.36071943,
              30.43466137
            ],
            [
              -81.36531304,
              30.4393115
            ],
            [
              -81.37035733,
              30.44359683
            ],
            [
              -81.37581391,
              30.4474847
            ],
            [
              -81.38164123,
              30.45094547
            ],
            [
              -81.38779491,
              30.45395276
            ],
            [
              -81.39422804,
              30.45648363
            ],
            [
              -81.40089159,
              30.4585188
            ],
            [
              -81.40773477,
              30.46004274
            ],
            [
              -81.41470538,
              30.46104382
            ],
            [
              -81.42175026,
              30.46151442
            ],
            [
              -81.4288157,
              30.46145094
            ],
            [
              -81.4358478,
              30.46085387
            ],
            [
              -81.44279292,
              30.45972777
            ],
            [
              -81.44959812,
              30.45808121
            ],
            [
              -81.45621148,
              30.45592676
            ],
            [
              -81.46258261,
              30.45328085
            ],
            [
              -81.46866293,
              30.45016364
            ],
            [
              -81.47440612,
              30.44659892
            ],
            [
              -81.47976843,
              30.44261385
            ],
            [
              -81.48470903,
              30.43823881
            ],
            [
              -81.48919032,
              30.43350716
            ],
            [
              -81.49317823,
              30.42845493
            ],
            [
              -81.49664244,
              30.42312064
            ],
            [
              -81.49955665,
              30.41754493
            ],
            [
              -81.50189875,
              30.41177025
            ],
            [
              -81.50361111,
              30.40583333
            ],
            [
              -81.435,
              30.32166667
            ]
          ]
        ]
      },
      "properties": {
        "description": "MAYPORT, FL, Sunday, September 27, 2026 through Friday, October 2, 2026 Local",
        "notam": "6_5553",
        "dateIssued": "2026-09-25T20:26:48",
        "dateEffective": "2026-09-27T12:00:00",
        "dateExpire": "2026-10-02T06:00:00",
        "upperVal": 2500,
        "lowerVal": 0,
        "facility": "ZJX",
        "type": "SECURITY"
      }
    },
    {
      "type": "Feature",
      "geometry": {
        "type": "Polygon",
        "coordinates": [
          [
            [
              -81.425,
              30.31472222
            ],
            [
              -81.47722222,
              30.37555556
            ],
            [
              -81.28527778,
              30.5725
            ],
            [
              -81.21888889,
              30.52472222
            ],
            [
              -81.18972222,
              30.52444444
            ],
            [
              -81.1825,
              30.5
            ],
            [
              -81.16055556,
              30.45583333
            ],
            [
              -81.15027778,
              30.42166667
            ],
            [
              -81.29888889,
              30.41916667
            ],
            [
              -81.425,
              30.31472222
            ]
          ]
        ]
      },
      "properties": {
        "description": "MAYPORT, FL, Sunday, September 27, 2026 through Friday, October 2, 2026 Local",
        "notam": "6_5553",
        "dateIssued": "2026-09-25T20:26:48",
        "dateEffective": "2026-09-27T12:00:00",
        "dateExpire": "2026-10-02T06:00:00",
        "upperVal": 2500,
        "lowerVal": 0,
        "facility": "ZJX",
        "type": "SECURITY"
      }
    },
    {
      "type": "Feature",
      "geometry": {
        "type": "Polygon",
        "coordinates": [
          [
            [
              -81.425,
              30.31472222
            ],
            [
              -81.53527778,
              30.22555556
            ],
            [
              -81.57833333,
              30.27055556
            ],
            [
              -81.51138889,
              30.33805556
            ],
            [
              -81.49416667,
              30.32333333
            ],
            [
              -81.45638889,
              30.35138889
            ],
            [
              -81.425,
              30.31472222
            ]
          ]
        ]
      },
      "properties": {
        "description": "MAYPORT, FL, Sunday, September 27, 2026 through Friday, October 2, 2026 Local",
        "notam": "6_5553",
        "dateIssued": "2026-09-25T20:26:48",
        "dateEffective": "2026-09-27T12:00:00",
        "dateExpire": "2026-10-02T06:00:00",
        "upperVal": 2500,
        "lowerVal": 0,
        "facility": "ZJX",
        "type": "SECURITY"
      }
    },
    {
      "type": "Feature",
      "geometry": {
        "type": "Polygon",
        "coordinates": [
          [
            [
              -81.49416667,
              30.32333333
            ],
            [
              -81.51138889,
              30.33805556
            ],
            [
              -81.47722222,
              30.37555556
            ],
            [
              -81.45638889,
              30.35138889
            ],
            [
              -81.49416667,
              30.32333333
            ]
          ]
        ]
      },
      "properties": {
        "description": "MAYPORT, FL, Sunday, September 27, 2026 through Friday, October 2, 2026 Local",
        "notam": "6_5553",
        "dateIssued": "2026-09-25T20:26:48",
        "dateEffective": "2026-09-27T12:00:00",
        "dateExpire": "2026-10-02T06:00:00",
        "upperVal": 2500,
        "lowerVal": 0,
        "facility": "ZJX",
        "type": "SECURITY"
      }
    },
    {
      "type": "Feature",
      "geometry": {
        "type": "Polygon",
        "coordinates": [
          [
            [
              -97.75638889,
              30.28365063
            ],
            [
              -97.75304627,
              30.28339679
            ],
            [
              -97.74980527,
              30.28264296
            ],
            [
              -97.7467644,
              30.28141208
            ],
            [
              -97.74401609,
              30.27974154
            ],
            [
              -97.74164387,
              30.27768215
            ],
            [
              -97.73971982,
              30.27529648
            ],
            [
              -97.73830237,
              30.27265705
            ],
            [
              -97.73743457,
              30.26984407
            ],
            [
              -97.73714273,
              30.26694303
            ],
            [
              -97.73743569,
              30.26404206
            ],
            [
              -97.73830447,
              30.26122933
            ],
            [
              -97.73972264,
              30.25859027
            ],
            [
              -97.74164708,
              30.25620505
            ],
            [
              -97.7440193,
              30.25414614
            ],
            [
              -97.74676722,
              30.25247606
            ],
            [
              -97.74980736,
              30.25124555
            ],
            [
              -97.75304739,
              30.25049197
            ],
            [
              -97.75638889,
              30.2502382
            ],
            [
              -97.75973039,
              30.25049197
            ],
            [
              -97.76297042,
              30.25124555
            ],
            [
              -97.76601056,
              30.25247606
            ],
            [
              -97.76875848,
              30.25414614
            ],
            [
              -97.7711307,
              30.25620505
            ],
            [
              -97.77305514,
              30.25859027
            ],
            [
              -97.77447331,
              30.26122933
            ],
            [
              -97.77534209,
              30.26404206
            ],
            [
              -97.77563505,
              30.26694303
            ],
            [
              -97.77534321,
              30.26984407
            ],
            [
              -97.77447541,
              30.27265705
            ],
            [
              -97.77305796,
              30.27529648
            ],
            [
              -97.77113391,
              30.27768215
            ],
            [
              -97.76876169,
              30.27974154
            ],
            [
              -97.76601338,
              30.28141208
            ],
            [
              -97.76297251,
              30.28264296
            ],
            [
              -97.75973151,
              30.28339679
            ],
            [
              -97.75638889,
              30.28365063
            ]
          ]
        ]
      },
      "properties": {
        "description": "Austin, TX, Friday, October 2, 2026 through Monday, October 12, 2026 UTC",
        "notam": "6_5548",
        "dateIssued": "2026-09-25T18:22:53",
        "dateEffective": "2026-10-02T15:30:00",
        "dateExpire": "2026-10-12T04:30:00",
        "upperVal": 400,
        "lowerVal": 0,
        "facility": "ZHU",
        "type": "UAS PUBLIC GATHERING"
      }
    },
    {
      "type": "Feature",
      "geometry": {
        "type": "Polygon",
        "coordinates": [
          [
            [
              -83.75,
              32.76666667
            ],
            [
              -83.58333333,
              32.88333333
            ],
            [
              -83.28333333,
              32.5
            ],
            [
              -83.43333333,
              32.38333333
            ],
            [
              -83.75,
              32.76666667
            ]
          ]
        ]
      },
      "properties": {
        "description": "Macon, GA, Tuesday, September 29, 2026 Local",
        "notam": "6_5547",
        "dateIssued": "2026-09-25T17:59:15",
        "dateEffective": "2026-09-29T05:00:00",
        "dateExpire": "2026-09-29T09:30:00",
        "upperVal": 17999,
        "lowerVal": 0,
        "facility": "ZTL",
        "type": "SECURITY"
      }
    },
    {
      "type": "Feature",
      "geometry": {
        "type": "Polygon",
        "coordinates": [
          [
            [
              -83.75,
              32.76666667
            ],
            [
              -83.58333333,
              32.88333333
            ],
            [
              -83.28333333,
              32.5
            ],
            [
              -83.43333333,
              32.38333333
            ],
            [
              -83.75,
              32.76666667
            ]
          ]
        ]
      },
      "properties": {
        "description": "Macon, GA, Wednesday, September 30, 2026 Local",
        "notam": "6_5546",
        "dateIssued": "2026-09-25T17:57:08",
        "dateEffective": "2026-09-30T05:00:00",
        "dateExpire": "2026-09-30T09:30:00",
        "upperVal": 17999,
        "lowerVal": 0,
        "facility": "ZTL",
        "type": "SECURITY"
      }
    },
    {
      "type": "Feature",
      "geometry": {
        "type": "Polygon",
        "coordinates": [
          [
            [
              -121.825,
              36.26666667
            ],
            [
              -121.76666667,
              36.35
            ],
            [
              -121.66666667,
              36.4
            ],
            [
              -121.60833333,
              36.39166667
            ],
            [
              -121.56666667,
              36.35
            ],
            [
              -121.53333333,
              36.11666667
            ],
            [
              -121.65,
              36.13333333
            ],
            [
              -121.825,
              36.26666667
            ]
          ]
        ]
      },
      "properties": {
        "description": "8NM SE BIG SUR, CA, Friday, September 25, 2026 through Monday, October 5, 2026 UTC",
        "notam": "6_5462",
        "dateIssued": "2026-09-25T02:28:26",
        "dateEffective": "2026-09-25T14:00:00",
        "dateExpire": "2026-10-05T06:00:00",
        "upperVal": 8500,
        "lowerVal": 0,
        "facility": "ZOA",
        "type": "HAZARDS"
      }
    },
    {
      "type": "Feature",
      "geometry": {
        "type": "Polygon",
        "coordinates": [
          [
            [
              -88.84166667,
              31.10007489
            ],
            [
              -88.83492495,
              31.09956717
            ],
            [
              -88.82838828,
              31.09805945
            ],
            [
              -88.82225547,
              31.09559759
            ],
            [
              -88.81671299,
              31.09225645
            ],
            [
              -88.81192931,
              31.08813765
            ],
            [
              -88.8080498,
              31.08336642
            ],
            [
              -88.80519224,
              31.07808782
            ],
            [
              -88.80344333,
              31.07246229
            ],
            [
              -88.80285603,
              31.06666083
            ],
            [
              -88.80344797,
              31.06085971
            ],
            [
              -88.80520096,
              31.05523519
            ],
            [
              -88.80806154,
              31.04995811
            ],
            [
              -88.81194267,
              31.04518876
            ],
            [
              -88.81672635,
              31.04107195
            ],
            [
              -88.82226722,
              31.0377327
            ],
            [
              -88.828397,
              31.03527236
            ],
            [
              -88.83492959,
              31.03376564
            ],
            [
              -88.84166667,
              31.03325827
            ],
            [
              -88.84840374,
              31.03376564
            ],
            [
              -88.85493633,
              31.03527236
            ],
            [
              -88.86106611,
              31.0377327
            ],
            [
              -88.86660698,
              31.04107195
            ],
            [
              -88.87139066,
              31.04518876
            ],
            [
              -88.87527179,
              31.04995811
            ],
            [
              -88.87813237,
              31.05523519
            ],
            [
              -88.87988536,
              31.06085971
            ],
            [
              -88.8804773,
              31.06666083
            ],
            [
              -88.87989,
              31.07246229
            ],
            [
              -88.87814109,
              31.07808782
            ],
            [
              -88.87528354,
              31.08336642
            ],
            [
              -88.87140402,
              31.08813765
            ],
            [
              -88.86662034,
              31.09225645
            ],
            [
              -88.86107786,
              31.09559759
            ],
            [
              -88.85494505,
              31.09805945
            ],
            [
              -88.84840838,
              31.09956717
            ],
            [
              -88.84166667,
              31.10007489
            ]
          ]
        ]
      },
      "properties": {
        "description": "19NM NE WIGGINS, MS, Friday, September 25, 2026 through Friday, October 2, 2026 UTC",
        "notam": "6_5449",
        "dateIssued": "2026-09-24T22:03:34",
        "dateEffective": "2026-09-25T13:00:00",
        "dateExpire": "2026-10-02T05:00:00",
        "upperVal": 1500,
        "lowerVal": 0,
        "facility": "ZHU",
        "type": "HAZARDS"
      }
    },
    {
      "type": "Feature",
      "geometry": {
        "type": "Polygon",
        "coordinates": [
          [
            [
              -92.58333333,
              33.69188147
            ],
            [
              -92.55905378,
              33.69010342
            ],
            [
              -92.53551488,
              33.68482349
            ],
            [
              -92.51343439,
              33.67620272
            ],
            [
              -92.49348514,
              33.664504
            ],
            [
              -92.47627427,
              33.65008392
            ],
            [
              -92.46232471,
              33.63338187
            ],
            [
              -92.45205928,
              33.61490646
            ],
            [
              -92.445788,
              33.59521999
            ],
            [
              -92.44369884,
              33.57492123
            ],
            [
              -92.44585237,
              33.55462716
            ],
            [
              -92.45218025,
              33.53495418
            ],
            [
              -92.46248769,
              33.51649943
            ],
            [
              -92.4764596,
              33.49982272
            ],
            [
              -92.49367048,
              33.48542962
            ],
            [
              -92.51359738,
              33.47375624
            ],
            [
              -92.53563585,
              33.46515613
            ],
            [
              -92.55911815,
              33.45988969
            ],
            [
              -92.58333333,
              33.45811632
            ],
            [
              -92.60754852,
              33.45988969
            ],
            [
              -92.63103082,
              33.46515613
            ],
            [
              -92.65306929,
              33.47375624
            ],
            [
              -92.67299619,
              33.48542962
            ],
            [
              -92.69020706,
              33.49982272
            ],
            [
              -92.70417898,
              33.51649943
            ],
            [
              -92.71448641,
              33.53495418
            ],
            [
              -92.7208143,
              33.55462716
            ],
            [
              -92.72296783,
              33.57492123
            ],
            [
              -92.72087867,
              33.59521999
            ],
            [
              -92.71460738,
              33.61490646
            ],
            [
              -92.70434196,
              33.63338187
            ],
            [
              -92.6903924,
              33.65008392
            ],
            [
              -92.67318153,
              33.664504
            ],
            [
              -92.65323227,
              33.67620272
            ],
            [
              -92.63115179,
              33.68482349
            ],
            [
              -92.60761288,
              33.69010342
            ],
            [
              -92.58333333,
              33.69188147
            ]
          ]
        ]
      },
      "properties": {
        "description": "12NM E CAMDEN, AR, Thursday, September 24, 2026 through Tuesday, September 29, 2026 UTC",
        "notam": "6_5216",
        "dateIssued": "2026-09-24T14:08:23",
        "dateEffective": "2026-09-24T14:30:00",
        "dateExpire": "2026-09-29T04:00:00",
        "upperVal": 5000,
        "lowerVal": 0,
        "facility": "ZFW",
        "type": "HAZARDS"
      }
    },
    {
      "type": "Feature",
      "geometry": {
        "type": "Polygon",
        "coordinates": [
          [
            [
              -107.3,
              44.16667259
            ],
            [
              -107.2718546,
              44.16489663
            ],
            [
              -107.24456932,
              44.15962301
            ],
            [
              -107.21897754,
              44.15101287
            ],
            [
              -107.19586005,
              44.13932919
            ],
            [
              -107.17592097,
              44.12492865
            ],
            [
              -107.1597661,
              44.10825059
            ],
            [
              -107.14788458,
              44.08980343
            ],
            [
              -107.14063419,
              44.07014904
            ],
            [
              -107.13823089,
              44.04988548
            ],
            [
              -107.1407428,
              44.02962876
            ],
            [
              -107.14808871,
              44.00999404
            ],
            [
              -107.16004112,
              43.99157703
            ],
            [
              -107.17623371,
              43.97493595
            ],
            [
              -107.19617279,
              43.96057477
            ],
            [
              -107.21925256,
              43.94892808
            ],
            [
              -107.24477345,
              43.94034808
            ],
            [
              -107.27196322,
              43.93509415
            ],
            [
              -107.3,
              43.93332502
            ],
            [
              -107.32803678,
              43.93509415
            ],
            [
              -107.35522655,
              43.94034808
            ],
            [
              -107.38074744,
              43.94892808
            ],
            [
              -107.40382721,
              43.96057477
            ],
            [
              -107.42376629,
              43.97493595
            ],
            [
              -107.43995888,
              43.99157703
            ],
            [
              -107.45191129,
              44.00999404
            ],
            [
              -107.4592572,
              44.02962876
            ],
            [
              -107.46176911,
              44.04988548
            ],
            [
              -107.45936581,
              44.07014904
            ],
            [
              -107.45211542,
              44.08980343
            ],
            [
              -107.4402339,
              44.10825059
            ],
            [
              -107.42407903,
              44.12492865
            ],
            [
              -107.40413995,
              44.13932919
            ],
            [
              -107.38102246,
              44.15101287
            ],
            [
              -107.35543068,
              44.15962301
            ],
            [
              -107.3281454,
              44.16489663
            ],
            [
              -107.3,
              44.16667259
            ]
          ]
        ]
      },
      "properties": {
        "description": "28NM E WORLAND, WY, Thursday, September 24, 2026 through Thursday, October 8, 2026 UTC",
        "notam": "6_5181",
        "dateIssued": "2026-09-24T02:39:19",
        "dateEffective": "2026-09-24T03:00:00",
        "dateExpire": "2026-10-08T02:00:00",
        "upperVal": 11500,
        "lowerVal": 0,
        "facility": "ZLC",
        "type": "HAZARDS"
      }
    },
    {
      "type": "Feature",
      "geometry": {
        "type": "Polygon",
        "coordinates": [
          [
            [
              -97.45777778,
              31.42699932
            ],
            [
              -97.45270402,
              31.42661858
            ],
            [
              -97.44778455,
              31.42548794
            ],
            [
              -97.44316894,
              31.42364177
            ],
            [
              -97.43899752,
              31.42113622
            ],
            [
              -97.43539707,
              31.41804746
            ],
            [
              -97.432477,
              31.41446939
            ],
            [
              -97.43032598,
              31.41051078
            ],
            [
              -97.42900929,
              31.40629195
            ],
            [
              -97.42856683,
              31.40194111
            ],
            [
              -97.42901194,
              31.39759047
            ],
            [
              -97.43033096,
              31.39337221
            ],
            [
              -97.43248372,
              31.38941447
            ],
            [
              -97.43540472,
              31.38583747
            ],
            [
              -97.43900517,
              31.38274985
            ],
            [
              -97.44317566,
              31.38024537
            ],
            [
              -97.44778954,
              31.37840008
            ],
            [
              -97.45270668,
              31.37727001
            ],
            [
              -97.45777778,
              31.37688946
            ],
            [
              -97.46284888,
              31.37727001
            ],
            [
              -97.46776602,
              31.37840008
            ],
            [
              -97.4723799,
              31.38024537
            ],
            [
              -97.47655039,
              31.38274985
            ],
            [
              -97.48015084,
              31.38583747
            ],
            [
              -97.48307184,
              31.38941447
            ],
            [
              -97.4852246,
              31.39337221
            ],
            [
              -97.48654362,
              31.39759047
            ],
            [
              -97.48698873,
              31.40194111
            ],
            [
              -97.48654627,
              31.40629195
            ],
            [
              -97.48522958,
              31.41051078
            ],
            [
              -97.48307856,
              31.41446939
            ],
            [
              -97.48015849,
              31.41804746
            ],
            [
              -97.47655804,
              31.42113622
            ],
            [
              -97.47238662,
              31.42364177
            ],
            [
              -97.46777101,
              31.42548794
            ],
            [
              -97.46285154,
              31.42661858
            ],
            [
              -97.45777778,
              31.42699932
            ]
          ]
        ]
      },
      "properties": {
        "description": "MCGREGOR, TX, Wednesday, September 23, 2026 through Friday, October 2, 2026 UTC",
        "notam": "6_5120",
        "dateIssued": "2026-09-23T19:58:48",
        "dateEffective": "2026-09-23T19:57:00",
        "dateExpire": "2026-10-02T12:00:00",
        "upperVal": 10000,
        "lowerVal": 0,
        "facility": "ZFW",
        "type": "HAZARDS"
      }
    },
    {
      "type": "Feature",
      "geometry": {
        "type": "Polygon",
        "coordinates": [
          [
            [
              -117.99944444,
              33.73015269
            ],
            [
              -117.9820941,
              33.72888314
            ],
            [
              -117.96527244,
              33.72511318
            ],
            [
              -117.94949188,
              33.71895766
            ],
            [
              -117.93523288,
              33.7106041
            ],
            [
              -117.92292921,
              33.70030691
            ],
            [
              -117.9129547,
              33.68837958
            ],
            [
              -117.9056119,
              33.6751851
            ],
            [
              -117.90112294,
              33.66112486
            ],
            [
              -117.89962291,
              33.64662637
            ],
            [
              -117.9011559,
              33.63213029
            ],
            [
              -117.90567384,
              33.61807695
            ],
            [
              -117.91303815,
              33.60489304
            ],
            [
              -117.9230241,
              33.59297867
            ],
            [
              -117.93532778,
              33.58269528
            ],
            [
              -117.94957533,
              33.57435468
            ],
            [
              -117.96533438,
              33.56820974
            ],
            [
              -117.98212706,
              33.56444667
            ],
            [
              -117.99944444,
              33.56317952
            ],
            [
              -118.01676182,
              33.56444667
            ],
            [
              -118.0335545,
              33.56820974
            ],
            [
              -118.04931355,
              33.57435468
            ],
            [
              -118.0635611,
              33.58269528
            ],
            [
              -118.07586478,
              33.59297867
            ],
            [
              -118.08585073,
              33.60489304
            ],
            [
              -118.09321504,
              33.61807695
            ],
            [
              -118.09773298,
              33.63213029
            ],
            [
              -118.09926597,
              33.64662637
            ],
            [
              -118.09776594,
              33.66112486
            ],
            [
              -118.09327698,
              33.6751851
            ],
            [
              -118.08593418,
              33.68837958
            ],
            [
              -118.07595967,
              33.70030691
            ],
            [
              -118.063656,
              33.7106041
            ],
            [
              -118.049397,
              33.71895766
            ],
            [
              -118.03361644,
              33.72511318
            ],
            [
              -118.01679478,
              33.72888314
            ],
            [
              -117.99944444,
              33.73015269
            ]
          ]
        ]
      },
      "properties": {
        "description": "HUNTINGTON BEACH, CA, Tuesday, September 29, 2026 through Sunday, October 4, 2026 Local",
        "notam": "6_5114",
        "dateIssued": "2026-09-23T18:58:21",
        "dateEffective": "2026-09-29T19:30:00",
        "dateExpire": "2026-10-04T23:59:00",
        "upperVal": 15000,
        "lowerVal": 0,
        "facility": "ZLA",
        "type": "AIR SHOWS/SPORTS"
      }
    },
    {
      "type": "Feature",
      "geometry": {
        "type": "Polygon",
        "coordinates": [
          [
            [
              -97.15583333,
              26.03901365
            ],
            [
              -97.14780026,
              26.03837852
            ],
            [
              -97.14001153,
              26.03649246
            ],
            [
              -97.13270401,
              26.03341282
            ],
            [
              -97.1260999,
              26.02923328
            ],
            [
              -97.12039995,
              26.02408092
            ],
            [
              -97.11577736,
              26.01811242
            ],
            [
              -97.11237248,
              26.01150923
            ],
            [
              -97.11028862,
              26.00447207
            ],
            [
              -97.10958886,
              25.99721483
            ],
            [
              -97.11029422,
              25.98995802
            ],
            [
              -97.112383,
              25.98292213
            ],
            [
              -97.11579153,
              25.97632088
            ],
            [
              -97.12041606,
              25.97035475
            ],
            [
              -97.12611601,
              25.96520492
            ],
            [
              -97.13271818,
              25.96102774
            ],
            [
              -97.14002205,
              25.95795004
            ],
            [
              -97.14780586,
              25.95606524
            ],
            [
              -97.15583333,
              25.95543055
            ],
            [
              -97.16386081,
              25.95606524
            ],
            [
              -97.17164462,
              25.95795004
            ],
            [
              -97.17894849,
              25.96102774
            ],
            [
              -97.18555066,
              25.96520492
            ],
            [
              -97.1912506,
              25.97035475
            ],
            [
              -97.19587514,
              25.97632088
            ],
            [
              -97.19928367,
              25.98292213
            ],
            [
              -97.20137245,
              25.98995802
            ],
            [
              -97.20207781,
              25.99721483
            ],
            [
              -97.20137805,
              26.00447207
            ],
            [
              -97.19929418,
              26.01150923
            ],
            [
              -97.19588931,
              26.01811242
            ],
            [
              -97.19126671,
              26.02408092
            ],
            [
              -97.18556677,
              26.02923328
            ],
            [
              -97.17896266,
              26.03341282
            ],
            [
              -97.17165514,
              26.03649246
            ],
            [
              -97.1638664,
              26.03837852
            ],
            [
              -97.15583333,
              26.03901365
            ]
          ]
        ]
      },
      "properties": {
        "description": "BROWNSVILLE, TX, Wednesday, September 23, 2026 through Wednesday, October 7, 2026 UTC",
        "notam": "6_5082",
        "dateIssued": "2026-09-23T18:22:49",
        "dateEffective": "2026-09-23T05:00:00",
        "dateExpire": "2026-10-07T05:00:00",
        "upperVal": 10000,
        "lowerVal": 0,
        "facility": "ZHU",
        "type": "HAZARDS"
      }
    },
    {
      "type": "Feature",
      "geometry": {
        "type": "Polygon",
        "coordinates": [
          [
            [
              -112.26194444,
              33.55282419
            ],
            [
              -112.25674994,
              33.55244357
            ],
            [
              -112.25171341,
              33.55131328
            ],
            [
              -112.24698799,
              33.54946771
            ],
            [
              -112.24271736,
              33.54696296
            ],
            [
              -112.23903131,
              33.54387519
            ],
            [
              -112.23604185,
              33.54029829
            ],
            [
              -112.23383976,
              33.53634098
            ],
            [
              -112.23249187,
              33.53212355
            ],
            [
              -112.23203902,
              33.52777417
            ],
            [
              -112.23249482,
              33.52342501
            ],
            [
              -112.23384531,
              33.51920819
            ],
            [
              -112.23604932,
              33.51525183
            ],
            [
              -112.2390398,
              33.51167609
            ],
            [
              -112.24272585,
              33.50858956
            ],
            [
              -112.24699546,
              33.50608597
            ],
            [
              -112.25171895,
              33.50424134
            ],
            [
              -112.25675289,
              33.50311168
            ],
            [
              -112.26194444,
              33.50273127
            ],
            [
              -112.26713599,
              33.50311168
            ],
            [
              -112.27216993,
              33.50424134
            ],
            [
              -112.27689342,
              33.50608597
            ],
            [
              -112.28116303,
              33.50858956
            ],
            [
              -112.28484908,
              33.51167609
            ],
            [
              -112.28783956,
              33.51525183
            ],
            [
              -112.29004357,
              33.51920819
            ],
            [
              -112.29139406,
              33.52342501
            ],
            [
              -112.29184986,
              33.52777417
            ],
            [
              -112.29139701,
              33.53212355
            ],
            [
              -112.29004912,
              33.53634098
            ],
            [
              -112.28784703,
              33.54029829
            ],
            [
              -112.28485757,
              33.54387519
            ],
            [
              -112.28117152,
              33.54696296
            ],
            [
              -112.27690089,
              33.54946771
            ],
            [
              -112.27217547,
              33.55131328
            ],
            [
              -112.26713894,
              33.55244357
            ],
            [
              -112.26194444,
              33.55282419
            ]
          ]
        ]
      },
      "properties": {
        "description": "Glendale, AZ, Tuesday, September 29, 2026 through Wednesday, September 30, 2026 UTC",
        "notam": "6_5039",
        "dateIssued": "2026-09-23T15:12:45",
        "dateEffective": "2026-09-29T21:00:00",
        "dateExpire": "2026-09-30T07:00:00",
        "upperVal": 400,
        "lowerVal": 0,
        "facility": "ZAB",
        "type": "UAS PUBLIC GATHERING"
      }
    },
    {
      "type": "Feature",
      "geometry": {
        "type": "Polygon",
        "coordinates": [
          [
            [
              -115.23333333,
              47.82495045
            ],
            [
              -115.21185901,
              47.82368319
            ],
            [
              -115.19104023,
              47.81992008
            ],
            [
              -115.17151224,
              47.81377598
            ],
            [
              -115.15387038,
              47.80543837
            ],
            [
              -115.13865174,
              47.79516157
            ],
            [
              -115.12631871,
              47.78325885
            ],
            [
              -115.11724496,
              47.77009285
            ],
            [
              -115.11170419,
              47.75606439
            ],
            [
              -115.10986208,
              47.74160025
            ],
            [
              -115.11177155,
              47.72714007
            ],
            [
              -115.11737154,
              47.71312305
            ],
            [
              -115.12648925,
              47.69997456
            ],
            [
              -115.13884567,
              47.68809331
            ],
            [
              -115.15406432,
              47.67783936
            ],
            [
              -115.17168279,
              47.66952323
            ],
            [
              -115.19116682,
              47.66339664
            ],
            [
              -115.21192637,
              47.65964496
            ],
            [
              -115.23333333,
              47.65838167
            ],
            [
              -115.2547403,
              47.65964496
            ],
            [
              -115.27549985,
              47.66339664
            ],
            [
              -115.29498388,
              47.66952323
            ],
            [
              -115.31260235,
              47.67783936
            ],
            [
              -115.32782099,
              47.68809331
            ],
            [
              -115.34017741,
              47.69997456
            ],
            [
              -115.34929512,
              47.71312305
            ],
            [
              -115.35489512,
              47.72714007
            ],
            [
              -115.35680459,
              47.74160025
            ],
            [
              -115.35496247,
              47.75606439
            ],
            [
              -115.34942171,
              47.77009285
            ],
            [
              -115.34034796,
              47.78325885
            ],
            [
              -115.32801493,
              47.79516157
            ],
            [
              -115.31279629,
              47.80543837
            ],
            [
              -115.29515442,
              47.81377598
            ],
            [
              -115.27562643,
              47.81992008
            ],
            [
              -115.25480765,
              47.82368319
            ],
            [
              -115.23333333,
              47.82495045
            ]
          ]
        ]
      },
      "properties": {
        "description": "73NM NW MISSOULA, MT, Wednesday, September 23, 2026 through Wednesday, October 7, 2026 UTC",
        "notam": "6_4932",
        "dateIssued": "2026-09-22T23:56:23",
        "dateEffective": "2026-09-23T14:00:00",
        "dateExpire": "2026-10-07T03:00:00",
        "upperVal": 11000,
        "lowerVal": 0,
        "facility": "ZSE",
        "type": "HAZARDS"
      }
    },
    {
      "type": "Feature",
      "geometry": {
        "type": "Polygon",
        "coordinates": [
          [
            [
              -121.09166667,
              49.0
            ],
            [
              -120.98333333,
              49.0
            ],
            [
              -120.96666667,
              48.88333333
            ],
            [
              -121.05,
              48.875
            ],
            [
              -121.09166667,
              49.0
            ]
          ]
        ]
      },
      "properties": {
        "description": "50NM NW TWISP, WA, Tuesday, September 22, 2026 through Tuesday, September 29, 2026 UTC",
        "notam": "6_4431",
        "dateIssued": "2026-09-22T03:24:45",
        "dateEffective": "2026-09-22T15:00:00",
        "dateExpire": "2026-09-29T03:00:00",
        "upperVal": 12000,
        "lowerVal": 0,
        "facility": "ZSE",
        "type": "HAZARDS"
      }
    },
    {
      "type": "Feature",
      "geometry": {
        "type": "Polygon",
        "coordinates": [
          [
            [
              -119.46666667,
              37.70833333
            ],
            [
              -119.48333333,
              37.48333333
            ],
            [
              -119.74166667,
              37.48333333
            ],
            [
              -119.74166667,
              37.65
            ],
            [
              -119.58333333,
              37.70833333
            ],
            [
              -119.46666667,
              37.70833333
            ]
          ]
        ]
      },
      "properties": {
        "description": "2NM E WAWONA, CA, Monday, September 21, 2026 through Monday, October 5, 2026 UTC",
        "notam": "6_4364",
        "dateIssued": "2026-09-21T22:54:12",
        "dateEffective": "2026-09-21T22:45:00",
        "dateExpire": "2026-10-05T04:00:00",
        "upperVal": 12500,
        "lowerVal": 0,
        "facility": "ZOA",
        "type": "HAZARDS"
      }
    },
    {
      "type": "Feature",
      "geometry": {
        "type": "Polygon",
        "coordinates": [
          [
            [
              -89.87111111,
              40.74251069
            ],
            [
              -89.86730353,
              40.74225726
            ],
            [
              -89.86361172,
              40.74150468
            ],
            [
              -89.86014794,
              40.74027583
            ],
            [
              -89.85701748,
              40.73860807
            ],
            [
              -89.85431549,
              40.73655211
            ],
            [
              -89.85212407,
              40.73417045
            ],
            [
              -89.85050978,
              40.73153549
            ],
            [
              -89.8495216,
              40.72872731
            ],
            [
              -89.8491895,
              40.72583125
            ],
            [
              -89.84952348,
              40.72293531
            ],
            [
              -89.85051329,
              40.72012749
            ],
            [
              -89.85212881,
              40.71749307
            ],
            [
              -89.85432088,
              40.71511209
            ],
            [
              -89.85702287,
              40.71305684
            ],
            [
              -89.86015267,
              40.71138976
            ],
            [
              -89.86361524,
              40.71016145
            ],
            [
              -89.8673054,
              40.70940923
            ],
            [
              -89.87111111,
              40.70915593
            ],
            [
              -89.87491682,
              40.70940923
            ],
            [
              -89.87860698,
              40.71016145
            ],
            [
              -89.88206955,
              40.71138976
            ],
            [
              -89.88519935,
              40.71305684
            ],
            [
              -89.88790134,
              40.71511209
            ],
            [
              -89.89009341,
              40.71749307
            ],
            [
              -89.89170893,
              40.72012749
            ],
            [
              -89.89269874,
              40.72293531
            ],
            [
              -89.89303272,
              40.72583125
            ],
            [
              -89.89270062,
              40.72872731
            ],
            [
              -89.89171244,
              40.73153549
            ],
            [
              -89.89009815,
              40.73417045
            ],
            [
              -89.88790673,
              40.73655211
            ],
            [
              -89.88520474,
              40.73860807
            ],
            [
              -89.88207428,
              40.74027583
            ],
            [
              -89.8786105,
              40.74150468
            ],
            [
              -89.87491869,
              40.74225726
            ],
            [
              -89.87111111,
              40.74251069
            ]
          ]
        ]
      },
      "properties": {
        "description": "TRIVOLI, IL, Monday, September 28, 2026 UTC",
        "notam": "6_4241",
        "dateIssued": "2026-09-21T15:24:55",
        "dateEffective": "2026-09-28T15:00:00",
        "dateExpire": "2026-09-28T21:00:00",
        "upperVal": 2000,
        "lowerVal": 0,
        "facility": "ZKC",
        "type": "HAZARDS"
      }
    },
    {
      "type": "Feature",
      "geometry": {
        "type": "Polygon",
        "coordinates": [
          [
            [
              -120.83333333,
              48.3999651
            ],
            [
              -120.82030406,
              48.39920528
            ],
            [
              -120.80767181,
              48.39694899
            ],
            [
              -120.7958214,
              48.39326496
            ],
            [
              -120.78511364,
              48.38826543
            ],
            [
              -120.77587428,
              48.38210266
            ],
            [
              -120.76838404,
              48.37496428
            ],
            [
              -120.76287011,
              48.36706755
            ],
            [
              -120.7594993,
              48.35865269
            ],
            [
              -120.75837301,
              48.34997558
            ],
            [
              -120.75952436,
              48.34129993
            ],
            [
              -120.76291721,
              48.33288927
            ],
            [
              -120.7684475,
              48.32499898
            ],
            [
              -120.77594645,
              48.3178685
            ],
            [
              -120.78518581,
              48.31171413
            ],
            [
              -120.79588486,
              48.3067225
            ],
            [
              -120.80771891,
              48.30304491
            ],
            [
              -120.82032912,
              48.30079282
            ],
            [
              -120.83333333,
              48.30003446
            ],
            [
              -120.84633754,
              48.30079282
            ],
            [
              -120.85894775,
              48.30304491
            ],
            [
              -120.8707818,
              48.3067225
            ],
            [
              -120.88148086,
              48.31171413
            ],
            [
              -120.89072022,
              48.3178685
            ],
            [
              -120.89821917,
              48.32499898
            ],
            [
              -120.90374945,
              48.33288927
            ],
            [
              -120.90714231,
              48.34129993
            ],
            [
              -120.90829365,
              48.34997558
            ],
            [
              -120.90716737,
              48.35865269
            ],
            [
              -120.90379656,
              48.36706755
            ],
            [
              -120.89828263,
              48.37496428
            ],
            [
              -120.89079239,
              48.38210266
            ],
            [
              -120.88155302,
              48.38826543
            ],
            [
              -120.87084527,
              48.39326496
            ],
            [
              -120.85899486,
              48.39694899
            ],
            [
              -120.84636261,
              48.39920528
            ],
            [
              -120.83333333,
              48.3999651
            ]
          ]
        ]
      },
      "properties": {
        "description": "28NM W TWISP, WA, Monday, September 21, 2026 through Tuesday, October 6, 2026 UTC",
        "notam": "6_4222",
        "dateIssued": "2026-09-21T15:10:04",
        "dateEffective": "2026-09-21T15:00:00",
        "dateExpire": "2026-10-06T03:00:00",
        "upperVal": 13500,
        "lowerVal": 0,
        "facility": "ZSE",
        "type": "HAZARDS"
      }
    },
    {
      "type": "Feature",
      "geometry": {
        "type": "Polygon",
        "coordinates": [
          [
            [
              -105.29583333,
              42.05420153
            ],
            [
              -105.27640906,
              42.05293335
            ],
            [
              -105.25757724,
              42.04916748
            ],
            [
              -105.23991205,
              42.04301877
            ],
            [
              -105.22395171,
              42.0346747
            ],
            [
              -105.21018195,
              42.02438959
            ],
            [
              -105.19902115,
              42.01247678
            ],
            [
              -105.19080762,
              41.99929905
            ],
            [
              -105.18578947,
              41.98525742
            ],
            [
              -105.18411717,
              41.97077898
            ],
            [
              -105.18583929,
              41.95630378
            ],
            [
              -105.19090126,
              41.94227148
            ],
            [
              -105.1991473,
              41.92910805
            ],
            [
              -105.21032541,
              41.91721279
            ],
            [
              -105.22409517,
              41.90694634
            ],
            [
              -105.2400382,
              41.89861981
            ],
            [
              -105.25767087,
              41.8924854
            ],
            [
              -105.27645888,
              41.88872886
            ],
            [
              -105.29583333,
              41.88746392
            ],
            [
              -105.31520779,
              41.88872886
            ],
            [
              -105.33399579,
              41.8924854
            ],
            [
              -105.35162846,
              41.89861981
            ],
            [
              -105.3675715,
              41.90694634
            ],
            [
              -105.38134126,
              41.91721279
            ],
            [
              -105.39251936,
              41.92910805
            ],
            [
              -105.40076541,
              41.94227148
            ],
            [
              -105.40582738,
              41.95630378
            ],
            [
              -105.4075495,
              41.97077898
            ],
            [
              -105.4058772,
              41.98525742
            ],
            [
              -105.40085904,
              41.99929905
            ],
            [
              -105.39264552,
              42.01247678
            ],
            [
              -105.38148471,
              42.02438959
            ],
            [
              -105.36771495,
              42.0346747
            ],
            [
              -105.35175462,
              42.04301877
            ],
            [
              -105.33408943,
              42.04916748
            ],
            [
              -105.31525761,
              42.05293335
            ],
            [
              -105.29583333,
              42.05420153
            ]
          ]
        ]
      },
      "properties": {
        "description": "16NM SW WHEATLAND, WY, Monday, September 21, 2026 through Saturday, October 3, 2026 UTC",
        "notam": "6_4106",
        "dateIssued": "2026-09-20T23:09:05",
        "dateEffective": "2026-09-21T13:00:00",
        "dateExpire": "2026-10-03T03:00:00",
        "upperVal": 12500,
        "lowerVal": 0,
        "facility": "ZDV",
        "type": "HAZARDS"
      }
    },
    {
      "type": "Feature",
      "geometry": {
        "type": "Polygon",
        "coordinates": [
          [
            [
              -122.11666667,
              45.14166667
            ],
            [
              -122.08333333,
              45.15833333
            ],
            [
              -121.85833333,
              45.03333333
            ],
            [
              -121.85833333,
              44.99166667
            ],
            [
              -122.05833333,
              44.99166667
            ],
            [
              -122.11666667,
              45.14166667
            ]
          ]
        ]
      },
      "properties": {
        "description": "35NM SE PORTLAND, OR, Sunday, September 20, 2026 through Saturday, October 3, 2026 UTC",
        "notam": "6_4050",
        "dateIssued": "2026-09-20T02:33:34",
        "dateEffective": "2026-09-20T02:45:00",
        "dateExpire": "2026-10-03T03:00:00",
        "upperVal": 6500,
        "lowerVal": 0,
        "facility": "ZSE",
        "type": "HAZARDS"
      }
    },
    {
      "type": "Feature",
      "geometry": {
        "type": "Polygon",
        "coordinates": [
          [
            [
              -121.56666667,
              45.40833333
            ],
            [
              -121.2,
              45.40833333
            ],
            [
              -121.2,
              45.35
            ],
            [
              -121.35833333,
              45.225
            ],
            [
              -121.625,
              45.25833333
            ],
            [
              -121.56666667,
              45.40833333
            ]
          ]
        ]
      },
      "properties": {
        "description": "20NM SW THE DALLES, OR, Thursday, September 17, 2026 through Thursday, October 1, 2026 UTC",
        "notam": "6_3657",
        "dateIssued": "2026-09-17T00:47:35",
        "dateEffective": "2026-09-17T15:00:00",
        "dateExpire": "2026-10-01T03:00:00",
        "upperVal": 8000,
        "lowerVal": 0,
        "facility": "ZSE",
        "type": "HAZARDS"
      }
    },
    {
      "type": "Feature",
      "geometry": {
        "type": "Polygon",
        "coordinates": [
          [
            [
              -76.95277778,
              34.7036389
            ],
            [
              -76.94926753,
              34.70338523
            ],
            [
              -76.945864,
              34.70263191
            ],
            [
              -76.94267066,
              34.70140185
            ],
            [
              -76.93978457,
              34.69973245
            ],
            [
              -76.93729346,
              34.69767446
            ],
            [
              -76.93527301,
              34.69529042
            ],
            [
              -76.9337846,
              34.69265281
            ],
            [
              -76.9328734,
              34.68984179
            ],
            [
              -76.93256705,
              34.68694277
            ],
            [
              -76.93287479,
              34.68404385
            ],
            [
              -76.93378721,
              34.68123311
            ],
            [
              -76.93527653,
              34.67859594
            ],
            [
              -76.93729746,
              34.67621245
            ],
            [
              -76.93978857,
              34.67415502
            ],
            [
              -76.94267417,
              34.67248616
            ],
            [
              -76.9458666,
              34.67125655
            ],
            [
              -76.94926891,
              34.67050352
            ],
            [
              -76.95277778,
              34.67024994
            ],
            [
              -76.95628664,
              34.67050352
            ],
            [
              -76.95968895,
              34.67125655
            ],
            [
              -76.96288139,
              34.67248616
            ],
            [
              -76.96576699,
              34.67415502
            ],
            [
              -76.9682581,
              34.67621245
            ],
            [
              -76.97027903,
              34.67859594
            ],
            [
              -76.97176835,
              34.68123311
            ],
            [
              -76.97268077,
              34.68404385
            ],
            [
              -76.97298851,
              34.68694277
            ],
            [
              -76.97268216,
              34.68984179
            ],
            [
              -76.97177095,
              34.69265281
            ],
            [
              -76.97028254,
              34.69529042
            ],
            [
              -76.96826209,
              34.69767446
            ],
            [
              -76.96577098,
              34.69973245
            ],
            [
              -76.9628849,
              34.70140185
            ],
            [
              -76.95969156,
              34.70263191
            ],
            [
              -76.95628803,
              34.70338523
            ],
            [
              -76.95277778,
              34.7036389
            ]
          ]
        ]
      },
      "properties": {
        "description": "15NM SSW, NC, Monday, September 21, 2026 through Friday, October 9, 2026 UTC",
        "notam": "6_2853",
        "dateIssued": "2026-09-14T15:12:00",
        "dateEffective": "2026-09-21T10:00:00",
        "dateExpire": "2026-10-09T22:00:00",
        "upperVal": 3000,
        "lowerVal": 0,
        "facility": "ZDC",
        "type": "HAZARDS"
      }
    },
    {
      "type": "Feature",
      "geometry": {
        "type": "Polygon",
        "coordinates": [
          [
            [
              -72.61666667,
              42.10917338
            ],
            [
              -72.6127784,
              42.10892001
            ],
            [
              -72.60900836,
              42.1081676
            ],
            [
              -72.60547118,
              42.10693903
            ],
            [
              -72.60227441,
              42.10527165
            ],
            [
              -72.59951519,
              42.10321617
            ],
            [
              -72.59727738,
              42.10083506
            ],
            [
              -72.59562893,
              42.09820071
            ],
            [
              -72.59461986,
              42.09539319
            ],
            [
              -72.59428078,
              42.09249782
            ],
            [
              -72.59462187,
              42.08960258
            ],
            [
              -72.59563269,
              42.08679543
            ],
            [
              -72.59728245,
              42.08416165
            ],
            [
              -72.59952097,
              42.08178125
            ],
            [
              -72.60228018,
              42.07972651
            ],
            [
              -72.60547626,
              42.07805984
            ],
            [
              -72.60901213,
              42.07683185
            ],
            [
              -72.6127804,
              42.07607981
            ],
            [
              -72.61666667,
              42.07582657
            ],
            [
              -72.62055294,
              42.07607981
            ],
            [
              -72.62432121,
              42.07683185
            ],
            [
              -72.62785708,
              42.07805984
            ],
            [
              -72.63105316,
              42.07972651
            ],
            [
              -72.63381237,
              42.08178125
            ],
            [
              -72.63605089,
              42.08416165
            ],
            [
              -72.63770065,
              42.08679543
            ],
            [
              -72.63871147,
              42.08960258
            ],
            [
              -72.63905256,
              42.09249782
            ],
            [
              -72.63871348,
              42.09539319
            ],
            [
              -72.63770441,
              42.09820071
            ],
            [
              -72.63605596,
              42.10083506
            ],
            [
              -72.63381815,
              42.10321617
            ],
            [
              -72.63105893,
              42.10527165
            ],
            [
              -72.62786216,
              42.10693903
            ],
            [
              -72.62432498,
              42.1081676
            ],
            [
              -72.62055494,
              42.10892001
            ],
            [
              -72.61666667,
              42.10917338
            ]
          ]
        ]
      },
      "properties": {
        "description": "West Springfield, MA, Friday, September 18, 2026 through Monday, October 5, 2026 UTC",
        "notam": "6_2727",
        "dateIssued": "2026-09-14T10:43:57",
        "dateEffective": "2026-09-18T12:00:00",
        "dateExpire": "2026-10-05T04:00:00",
        "upperVal": 400,
        "lowerVal": 0,
        "facility": "ZBW",
        "type": "UAS PUBLIC GATHERING"
      }
    },
    {
      "type": "Feature",
      "geometry": {
        "type": "Polygon",
        "coordinates": [
          [
            [
              -122.05333333,
              38.06194444
            ],
            [
              -121.98305556,
              38.06277778
            ],
            [
              -121.9825,
              38.03611111
            ],
            [
              -122.05277778,
              38.03527778
            ],
            [
              -122.05333333,
              38.06194444
            ]
          ]
        ]
      },
      "properties": {
        "description": "Concord, CA, Wednesday, September 16, 2026 through Wednesday, September 30, 2026 Local",
        "notam": "6_2518",
        "dateIssued": "2026-09-12T03:26:55",
        "dateEffective": "2026-09-16T07:01:00",
        "dateExpire": "2026-10-01T06:59:00",
        "upperVal": 1499,
        "lowerVal": 0,
        "facility": "ZOA",
        "type": "SECURITY"
      }
    },
    {
      "type": "Feature",
      "geometry": {
        "type": "Polygon",
        "coordinates": [
          [
            [
              -81.47361111,
              31.24640741
            ],
            [
              -81.47192308,
              31.24628052
            ],
            [
              -81.47028635,
              31.24590369
            ],
            [
              -81.46875067,
              31.24528838
            ],
            [
              -81.46736271,
              31.2444533
            ],
            [
              -81.46616464,
              31.24342381
            ],
            [
              -81.46519286,
              31.24223121
            ],
            [
              -81.4644769,
              31.24091174
            ],
            [
              -81.4640385,
              31.23950549
            ],
            [
              -81.46389098,
              31.23805519
            ],
            [
              -81.4640388,
              31.23660492
            ],
            [
              -81.46447745,
              31.23519873
            ],
            [
              -81.4651936,
              31.23387936
            ],
            [
              -81.46616548,
              31.23268687
            ],
            [
              -81.46736355,
              31.23165751
            ],
            [
              -81.46875141,
              31.23082255
            ],
            [
              -81.4702869,
              31.23020734
            ],
            [
              -81.47192337,
              31.22983057
            ],
            [
              -81.47361111,
              31.2297037
            ],
            [
              -81.47529885,
              31.22983057
            ],
            [
              -81.47693532,
              31.23020734
            ],
            [
              -81.47847081,
              31.23082255
            ],
            [
              -81.47985867,
              31.23165751
            ],
            [
              -81.48105674,
              31.23268687
            ],
            [
              -81.48202862,
              31.23387936
            ],
            [
              -81.48274477,
              31.23519873
            ],
            [
              -81.48318342,
              31.23660492
            ],
            [
              -81.48333124,
              31.23805519
            ],
            [
              -81.48318372,
              31.23950549
            ],
            [
              -81.48274532,
              31.24091174
            ],
            [
              -81.48202936,
              31.24223121
            ],
            [
              -81.48105758,
              31.24342381
            ],
            [
              -81.47985951,
              31.2444533
            ],
            [
              -81.47847155,
              31.24528838
            ],
            [
              -81.47693587,
              31.24590369
            ],
            [
              -81.47529914,
              31.24628052
            ],
            [
              -81.47361111,
              31.24640741
            ]
          ]
        ]
      },
      "properties": {
        "description": "Brunswick, GA, Monday, September 14, 2026 through Friday, October 2, 2026 Local",
        "notam": "6_1508",
        "dateIssued": "2026-09-07T12:42:42",
        "dateEffective": "2026-09-14T11:00:00",
        "dateExpire": "2026-10-02T22:00:00",
        "upperVal": 400,
        "lowerVal": 0,
        "facility": "ZJX",
        "type": "SECURITY"
      }
    },
    {
      "type": "Feature",
      "geometry": {
        "type": "Polygon",
        "coordinates": [
          [
            [
              -86.69305556,
              36.36946762
            ],
            [
              -86.68947198,
              36.36921401
            ],
            [
              -86.68599734,
              36.36846089
            ],
            [
              -86.6827373,
              36.36723116
            ],
            [
              -86.67979094,
              36.36556221
            ],
            [
              -86.67724782,
              36.36350476
            ],
            [
              -86.67518521,
              36.36112137
            ],
            [
              -86.67366574,
              36.35848447
            ],
            [
              -86.67273556,
              36.35567422
            ],
            [
              -86.67242286,
              36.352776
            ],
            [
              -86.67273707,
              36.34987789
            ],
            [
              -86.67366858,
              36.34706793
            ],
            [
              -86.67518902,
              36.34443151
            ],
            [
              -86.67725216,
              36.34204869
            ],
            [
              -86.67979528,
              36.33999185
            ],
            [
              -86.68274111,
              36.33832347
            ],
            [
              -86.68600018,
              36.33709421
            ],
            [
              -86.68947348,
              36.3363414
            ],
            [
              -86.69305556,
              36.33608789
            ],
            [
              -86.69663764,
              36.3363414
            ],
            [
              -86.70011094,
              36.33709421
            ],
            [
              -86.70337001,
              36.33832347
            ],
            [
              -86.70631584,
              36.33999185
            ],
            [
              -86.70885896,
              36.34204869
            ],
            [
              -86.7109221,
              36.34443151
            ],
            [
              -86.71244254,
              36.34706793
            ],
            [
              -86.71337405,
              36.34987789
            ],
            [
              -86.71368826,
              36.352776
            ],
            [
              -86.71337556,
              36.35567422
            ],
            [
              -86.71244538,
              36.35848447
            ],
            [
              -86.71092591,
              36.36112137
            ],
            [
              -86.7088633,
              36.36350476
            ],
            [
              -86.70632018,
              36.36556221
            ],
            [
              -86.70337382,
              36.36723116
            ],
            [
              -86.70011378,
              36.36846089
            ],
            [
              -86.69663914,
              36.36921401
            ],
            [
              -86.69305556,
              36.36946762
            ]
          ]
        ]
      },
      "properties": {
        "description": "Goodlettsville, TN, Saturday, August 1, 2026 through Sunday, August 1, 2027 UTC",
        "notam": "6_0708",
        "dateIssued": "2026-07-31T22:58:31",
        "dateEffective": "2026-08-01T00:01:00",
        "dateExpire": "2027-08-01T23:59:00",
        "upperVal": 400,
        "lowerVal": 0,
        "facility": "ZME",
        "type": "SECURITY"
      }
    },
    {
      "type": "Feature",
      "geometry": {
        "type": "Polygon",
        "coordinates": [
          [
            [
              -115.85416667,
              33.10972222
            ],
            [
              -115.76111111,
              33.02222222
            ],
            [
              -116.03833333,
              33.02222222
            ],
            [
              -115.94805556,
              33.10972222
            ],
            [
              -115.85416667,
              33.10972222
            ]
          ]
        ]
      },
      "properties": {
        "description": "El Centro, CA, Wednesday, July 15, 2026 through Tuesday, July 13, 2027 Local",
        "notam": "6_4812",
        "dateIssued": "2026-07-10T17:16:07",
        "dateEffective": "2026-07-15T07:00:00",
        "dateExpire": "2027-07-14T06:59:00",
        "upperVal": 17999,
        "lowerVal": 15000,
        "facility": "ZLA",
        "type": "SECURITY"
      }
    },
    {
      "type": "Feature",
      "geometry": {
        "type": "Polygon",
        "coordinates": [
          [
            [
              -149.23361111,
              64.23611111
            ],
            [
              -149.25361111,
              64.21138889
            ],
            [
              -149.26832753,
              64.21015549
            ],
            [
              -149.28318711,
              64.20936222
            ],
            [
              -149.29814845,
              64.20913463
            ],
            [
              -149.31309861,
              64.20947444
            ],
            [
              -149.32792471,
              64.21037908
            ],
            [
              -149.34,
              64.21138889
            ],
            [
              -149.29861111,
              64.23305556
            ],
            [
              -149.29223923,
              64.23248967
            ],
            [
              -149.28228289,
              64.23214041
            ],
            [
              -149.27229455,
              64.2321695
            ],
            [
              -149.26234982,
              64.23257674
            ],
            [
              -149.25252398,
              64.23335903
            ],
            [
              -149.24289144,
              64.23451045
            ],
            [
              -149.23361111,
              64.23611111
            ]
          ]
        ]
      },
      "properties": {
        "description": "Clear, AK",
        "notam": "6_3002",
        "dateIssued": "2026-07-05T20:43:49",
        "dateEffective": "2026-07-07T10:00:00",
        "dateExpire": "2026-11-01T10:00:00",
        "upperVal": 43000,
        "lowerVal": 1500,
        "facility": "ZAN",
        "type": "SECURITY"
      }
    },
    {
      "type": "Feature",
      "geometry": {
        "type": "Polygon",
        "coordinates": [
          [
            [
              -149.34,
              64.21138889
            ],
            [
              -149.35422549,
              64.2134499
            ],
            [
              -149.36810497,
              64.21589686
            ],
            [
              -149.38144475,
              64.21886015
            ],
            [
              -149.39414385,
              64.22231738
            ],
            [
              -149.40610601,
              64.22624241
            ],
            [
              -149.41724046,
              64.23060555
            ],
            [
              -149.42746255,
              64.23537381
            ],
            [
              -149.43669443,
              64.2405111
            ],
            [
              -149.44486561,
              64.2459785
            ],
            [
              -149.45191353,
              64.25173459
            ],
            [
              -149.45778404,
              64.25773573
            ],
            [
              -149.46243183,
              64.26393639
            ],
            [
              -149.46582079,
              64.27028949
            ],
            [
              -149.46792428,
              64.27674678
            ],
            [
              -149.46872542,
              64.28325916
            ],
            [
              -149.46821719,
              64.2897771
            ],
            [
              -149.46640254,
              64.29625097
            ],
            [
              -149.46329438,
              64.30263145
            ],
            [
              -149.45891551,
              64.30886992
            ],
            [
              -149.4532985,
              64.31491876
            ],
            [
              -149.44648541,
              64.32073183
            ],
            [
              -149.43852757,
              64.32626469
            ],
            [
              -149.42948511,
              64.33147508
            ],
            [
              -149.41942661,
              64.33632315
            ],
            [
              -149.40842851,
              64.34077179
            ],
            [
              -149.40083333,
              64.34361111
            ],
            [
              -149.40107761,
              64.35160717
            ],
            [
              -149.4005971,
              64.3595753
            ],
            [
              -149.39851482,
              64.36749495
            ],
            [
              -149.39484526,
              64.37530575
            ],
            [
              -149.38961507,
              64.38294816
            ],
            [
              -149.38286289,
              64.39036385
            ],
            [
              -149.37463909,
              64.39749616
            ],
            [
              -149.3650054,
              64.40429059
            ],
            [
              -149.35403452,
              64.41069515
            ],
            [
              -149.34180952,
              64.41666081
            ],
            [
              -149.32842329,
              64.42214188
            ],
            [
              -149.31397776,
              64.42709633
            ],
            [
              -149.2985832,
              64.43148616
            ],
            [
              -149.28235731,
              64.4352777
            ],
            [
              -149.28111111,
              64.43583333
            ],
            [
              -149.25833333,
              64.39888889
            ],
            [
              -149.26290036,
              64.39797784
            ],
            [
              -149.27440953,
              64.39501037
            ],
            [
              -149.28527453,
              64.39161934
            ],
            [
              -149.29541244,
              64.38783072
            ],
            [
              -149.304746,
              64.38367348
            ],
            [
              -149.3132042,
              64.37917943
            ],
            [
              -149.32072281,
              64.37438293
            ],
            [
              -149.32724488,
              64.36932063
            ],
            [
              -149.33272117,
              64.36403119
            ],
            [
              -149.33711049,
              64.35855498
            ],
            [
              -149.34038001,
              64.35293379
            ],
            [
              -149.34250549,
              64.34721046
            ],
            [
              -149.34347146,
              64.34142861
            ],
            [
              -149.34327129,
              64.33563226
            ],
            [
              -149.34190724,
              64.32986551
            ],
            [
              -149.33944444,
              64.32416667
            ],
            [
              -149.34333339,
              64.32293883
            ],
            [
              -149.3513163,
              64.3203107
            ],
            [
              -149.35873933,
              64.31739032
            ],
            [
              -149.36554595,
              64.3142
            ],
            [
              -149.37168438,
              64.3107641
            ],
            [
              -149.37710802,
              64.30710887
            ],
            [
              -149.38177575,
              64.30326219
            ],
            [
              -149.38565228,
              64.29925343
            ],
            [
              -149.38870841,
              64.29511316
            ],
            [
              -149.3909212,
              64.29087293
            ],
            [
              -149.39227419,
              64.28656505
            ],
            [
              -149.39275747,
              64.28222234
            ],
            [
              -149.39236779,
              64.27787785
            ],
            [
              -149.3911085,
              64.27356464
            ],
            [
              -149.38898959,
              64.26931552
            ],
            [
              -149.38602757,
              64.26516278
            ],
            [
              -149.38224531,
              64.26113798
            ],
            [
              -149.37767189,
              64.25727169
            ],
            [
              -149.37234236,
              64.25359327
            ],
            [
              -149.36629745,
              64.25013062
            ],
            [
              -149.35958327,
              64.24691002
            ],
            [
              -149.35225097,
              64.24395588
            ],
            [
              -149.34435631,
              64.2412906
            ],
            [
              -149.33595928,
              64.23893439
            ],
            [
              -149.32712362,
              64.23690508
            ],
            [
              -149.31791634,
              64.23521806
            ],
            [
              -149.30840722,
              64.2338861
            ],
            [
              -149.29861111,
              64.23305556
            ],
            [
              -149.34,
              64.21138889
            ]
          ]
        ]
      },
      "properties": {
        "description": "Clear, AK",
        "notam": "6_3002",
        "dateIssued": "2026-07-05T20:43:49",
        "dateEffective": "2026-07-07T10:00:00",
        "dateExpire": "2026-11-01T10:00:00",
        "upperVal": 43000,
        "lowerVal": 1500,
        "facility": "ZAN",
        "type": "SECURITY"
      }
    },
    {
      "type": "Feature",
      "geometry": {
        "type": "Polygon",
        "coordinates": [
          [
            [
              -149.28111111,
              64.43583333
            ],
            [
              -149.2638542,
              64.43869752
            ],
            [
              -149.24629812,
              64.44114965
            ],
            [
              -149.22831158,
              64.44292928
            ],
            [
              -149.21003274,
              64.44402271
            ],
            [
              -149.19160205,
              64.44442156
            ],
            [
              -149.17316119,
              64.44412275
            ],
            [
              -149.15485189,
              64.44312858
            ],
            [
              -149.13681486,
              64.44144669
            ],
            [
              -149.11918864,
              64.43909001
            ],
            [
              -149.10210854,
              64.43607664
            ],
            [
              -149.08570555,
              64.43242972
            ],
            [
              -149.0701053,
              64.42817727
            ],
            [
              -149.05542714,
              64.4233519
            ],
            [
              -149.04178315,
              64.41799065
            ],
            [
              -149.02927728,
              64.4121346
            ],
            [
              -149.01800461,
              64.40582864
            ],
            [
              -149.00805058,
              64.39912103
            ],
            [
              -148.99949035,
              64.39206311
            ],
            [
              -148.99238828,
              64.38470884
            ],
            [
              -148.98679744,
              64.37711439
            ],
            [
              -148.98275924,
              64.36933775
            ],
            [
              -148.98030315,
              64.36143823
            ],
            [
              -148.97944654,
              64.35347602
            ],
            [
              -148.98019452,
              64.34551175
            ],
            [
              -148.98111111,
              64.33916667
            ],
            [
              -149.04083333,
              64.32472222
            ],
            [
              -149.03882211,
              64.32936557
            ],
            [
              -149.03735698,
              64.33512765
            ],
            [
              -149.03705512,
              64.34092318
            ],
            [
              -149.03791955,
              64.34670805
            ],
            [
              -149.03994443,
              64.35243822
            ],
            [
              -149.04311504,
              64.35807004
            ],
            [
              -149.04740791,
              64.36356057
            ],
            [
              -149.05279095,
              64.36886792
            ],
            [
              -149.05922369,
              64.37395159
            ],
            [
              -149.06665757,
              64.37877276
            ],
            [
              -149.0750363,
              64.38329458
            ],
            [
              -149.08429627,
              64.38748248
            ],
            [
              -149.09436704,
              64.39130444
            ],
            [
              -149.10517187,
              64.39473121
            ],
            [
              -149.1166283,
              64.39773656
            ],
            [
              -149.12864882,
              64.40029748
            ],
            [
              -149.14114148,
              64.40239434
            ],
            [
              -149.15401066,
              64.40401109
            ],
            [
              -149.1671578,
              64.40513532
            ],
            [
              -149.18048216,
              64.40575844
            ],
            [
              -149.19388161,
              64.40587565
            ],
            [
              -149.20725343,
              64.40548607
            ],
            [
              -149.22049513,
              64.40459267
            ],
            [
              -149.23350522,
              64.40320231
            ],
            [
              -149.24618404,
              64.40132564
            ],
            [
              -149.25833333,
              64.39888889
            ],
            [
              -149.28111111,
              64.43583333
            ]
          ]
        ]
      },
      "properties": {
        "description": "Clear, AK",
        "notam": "6_3002",
        "dateIssued": "2026-07-05T20:43:49",
        "dateEffective": "2026-07-07T10:00:00",
        "dateExpire": "2026-11-01T10:00:00",
        "upperVal": 43000,
        "lowerVal": 1500,
        "facility": "ZAN",
        "type": "SECURITY"
      }
    },
    {
      "type": "Feature",
      "geometry": {
        "type": "Polygon",
        "coordinates": [
          [
            [
              -149.19027778,
              64.28888889
            ],
            [
              -149.23361111,
              64.23611111
            ],
            [
              -149.24289144,
              64.23451045
            ],
            [
              -149.25252398,
              64.23335903
            ],
            [
              -149.26234982,
              64.23257674
            ],
            [
              -149.27229455,
              64.2321695
            ],
            [
              -149.28228289,
              64.23214041
            ],
            [
              -149.29223923,
              64.23248967
            ],
            [
              -149.3020882,
              64.23321465
            ],
            [
              -149.31175523,
              64.23430986
            ],
            [
              -149.3211671,
              64.23576701
            ],
            [
              -149.3302525,
              64.23757505
            ],
            [
              -149.33894256,
              64.23972031
            ],
            [
              -149.34717135,
              64.24218652
            ],
            [
              -149.35487638,
              64.244955
            ],
            [
              -149.36199909,
              64.24800477
            ],
            [
              -149.36848529,
              64.25131271
            ],
            [
              -149.37428554,
              64.25485373
            ],
            [
              -149.37935558,
              64.25860096
            ],
            [
              -149.38365661,
              64.26252596
            ],
            [
              -149.38715564,
              64.26659893
            ],
            [
              -149.38982573,
              64.27078893
            ],
            [
              -149.39164622,
              64.27506411
            ],
            [
              -149.39260286,
              64.27939198
            ],
            [
              -149.39268797,
              64.28373961
            ],
            [
              -149.39190049,
              64.28807392
            ],
            [
              -149.39024601,
              64.29236189
            ],
            [
              -149.38773674,
              64.29657088
            ],
            [
              -149.3843914,
              64.30066881
            ],
            [
              -149.38023515,
              64.30462442
            ],
            [
              -149.37529934,
              64.30840755
            ],
            [
              -149.36962132,
              64.31198934
            ],
            [
              -149.36324416,
              64.31534243
            ],
            [
              -149.35621631,
              64.31844123
            ],
            [
              -149.34859126,
              64.32126205
            ],
            [
              -149.3404271,
              64.32378335
            ],
            [
              -149.33944444,
              64.32416667
            ],
            [
              -149.34190724,
              64.32986551
            ],
            [
              -149.34327129,
              64.33563226
            ],
            [
              -149.34347146,
              64.34142861
            ],
            [
              -149.34250549,
              64.34721046
            ],
            [
              -149.34038001,
              64.35293379
            ],
            [
              -149.33711049,
              64.35855498
            ],
            [
              -149.33272117,
              64.36403119
            ],
            [
              -149.32724488,
              64.36932063
            ],
            [
              -149.32072281,
              64.37438293
            ],
            [
              -149.3132042,
              64.37917943
            ],
            [
              -149.304746,
              64.38367348
            ],
            [
              -149.29541244,
              64.38783072
            ],
            [
              -149.28527453,
              64.39161934
            ],
            [
              -149.27440953,
              64.39501037
            ],
            [
              -149.26290036,
              64.39797784
            ],
            [
              -149.25083496,
              64.40049902
            ],
            [
              -149.23830562,
              64.40255461
            ],
            [
              -149.22540824,
              64.40412885
            ],
            [
              -149.21224162,
              64.40520969
            ],
            [
              -149.19890663,
              64.40578883
            ],
            [
              -149.1855055,
              64.40586184
            ],
            [
              -149.17214096,
              64.40542815
            ],
            [
              -149.15891544,
              64.4044911
            ],
            [
              -149.1459303,
              64.40305786
            ],
            [
              -149.13328501,
              64.40113942
            ],
            [
              -149.12107638,
              64.39875048
            ],
            [
              -149.10939783,
              64.39590933
            ],
            [
              -149.0983386,
              64.39263775
            ],
            [
              -149.08798315,
              64.38896077
            ],
            [
              -149.07841041,
              64.38490653
            ],
            [
              -149.06969326,
              64.38050605
            ],
            [
              -149.06189793,
              64.37579298
            ],
            [
              -149.05508351,
              64.37080334
            ],
            [
              -149.04930151,
              64.36557523
            ],
            [
              -149.04459546,
              64.36014858
            ],
            [
              -149.04100063,
              64.35456478
            ],
            [
              -149.03854374,
              64.34886642
            ],
            [
              -149.03724282,
              64.34309692
            ],
            [
              -149.03710704,
              64.33730021
            ],
            [
              -149.03813671,
              64.33152043
            ],
            [
              -149.04032325,
              64.32580153
            ],
            [
              -149.04083333,
              64.32472222
            ],
            [
              -149.19027778,
              64.28888889
            ]
          ]
        ]
      },
      "properties": {
        "description": "Clear, AK",
        "notam": "6_3002",
        "dateIssued": "2026-07-05T20:43:49",
        "dateEffective": "2026-07-07T10:00:00",
        "dateExpire": "2026-11-01T10:00:00",
        "upperVal": 43000,
        "lowerVal": 1500,
        "facility": "ZAN",
        "type": "SECURITY"
      }
    },
    {
      "type": "Feature",
      "geometry": {
        "type": "Polygon",
        "coordinates": [
          [
            [
              -149.28111111,
              64.43583333
            ],
            [
              -149.2638542,
              64.43869752
            ],
            [
              -149.24629812,
              64.44114965
            ],
            [
              -149.22831158,
              64.44292928
            ],
            [
              -149.21003274,
              64.44402271
            ],
            [
              -149.19160205,
              64.44442156
            ],
            [
              -149.17316119,
              64.44412275
            ],
            [
              -149.15485189,
              64.44312858
            ],
            [
              -149.13681486,
              64.44144669
            ],
            [
              -149.11918864,
              64.43909001
            ],
            [
              -149.10210854,
              64.43607664
            ],
            [
              -149.08570555,
              64.43242972
            ],
            [
              -149.0701053,
              64.42817727
            ],
            [
              -149.05542714,
              64.4233519
            ],
            [
              -149.04178315,
              64.41799065
            ],
            [
              -149.02927728,
              64.4121346
            ],
            [
              -149.01800461,
              64.40582864
            ],
            [
              -149.00805058,
              64.39912103
            ],
            [
              -148.99949035,
              64.39206311
            ],
            [
              -148.99238828,
              64.38470884
            ],
            [
              -148.98679744,
              64.37711439
            ],
            [
              -148.98275924,
              64.36933775
            ],
            [
              -148.98030315,
              64.36143823
            ],
            [
              -148.97944654,
              64.35347602
            ],
            [
              -148.98019452,
              64.34551175
            ],
            [
              -148.98111111,
              64.33916667
            ],
            [
              -149.04083333,
              64.32472222
            ],
            [
              -149.03882211,
              64.32936557
            ],
            [
              -149.03735698,
              64.33512765
            ],
            [
              -149.03705512,
              64.34092318
            ],
            [
              -149.03791955,
              64.34670805
            ],
            [
              -149.03994443,
              64.35243822
            ],
            [
              -149.04311504,
              64.35807004
            ],
            [
              -149.04740791,
              64.36356057
            ],
            [
              -149.05279095,
              64.36886792
            ],
            [
              -149.05922369,
              64.37395159
            ],
            [
              -149.06665757,
              64.37877276
            ],
            [
              -149.0750363,
              64.38329458
            ],
            [
              -149.08429627,
              64.38748248
            ],
            [
              -149.09436704,
              64.39130444
            ],
            [
              -149.10517187,
              64.39473121
            ],
            [
              -149.1166283,
              64.39773656
            ],
            [
              -149.12864882,
              64.40029748
            ],
            [
              -149.14114148,
              64.40239434
            ],
            [
              -149.15401066,
              64.40401109
            ],
            [
              -149.1671578,
              64.40513532
            ],
            [
              -149.18048216,
              64.40575844
            ],
            [
              -149.19388161,
              64.40587565
            ],
            [
              -149.20725343,
              64.40548607
            ],
            [
              -149.22049513,
              64.40459267
            ],
            [
              -149.23350522,
              64.40320231
            ],
            [
              -149.24618404,
              64.40132564
            ],
            [
              -149.25833333,
              64.39888889
            ],
            [
              -149.28111111,
              64.43583333
            ]
          ]
        ]
      },
      "properties": {
        "description": "Clear, AK",
        "notam": "6_3002",
        "dateIssued": "2026-07-05T20:43:49",
        "dateEffective": "2026-07-07T10:00:00",
        "dateExpire": "2026-11-01T10:00:00",
        "upperVal": 43000,
        "lowerVal": 1500,
        "facility": "ZAN",
        "type": "SECURITY"
      }
    },
    {
      "type": "Feature",
      "geometry": {
        "type": "Polygon",
        "coordinates": [
          [
            [
              -115.27944444,
              32.69583333
            ],
            [
              -114.91972222,
              32.71
            ],
            [
              -114.91361111,
              32.72
            ],
            [
              -114.79555556,
              32.72861111
            ],
            [
              -114.79444444,
              32.715
            ],
            [
              -115.27944444,
              32.68138889
            ],
            [
              -115.27944444,
              32.69583333
            ]
          ]
        ]
      },
      "properties": {
        "description": "Calexico, CA, Saturday, July 4, 2026 through Saturday, January 2, 2027 Local",
        "notam": "6_2657",
        "dateIssued": "2026-07-02T14:04:00",
        "dateEffective": "2026-07-05T00:01:00",
        "dateExpire": "2027-01-02T23:59:00",
        "upperVal": 500,
        "lowerVal": 0,
        "facility": "ZLA",
        "type": "SECURITY"
      }
    },
    {
      "type": "Feature",
      "geometry": {
        "type": "Polygon",
        "coordinates": [
          [
            [
              -115.27944444,
              32.69583333
            ],
            [
              -114.91972222,
              32.71
            ],
            [
              -114.91361111,
              32.72
            ],
            [
              -114.79555556,
              32.72861111
            ],
            [
              -114.79444444,
              32.715
            ],
            [
              -115.27944444,
              32.68138889
            ],
            [
              -115.27944444,
              32.69583333
            ]
          ]
        ]
      },
      "properties": {
        "description": "Coyote Wells, CA, Saturday, July 4, 2026 through Saturday, January 2, 2027 Local",
        "notam": "6_2656",
        "dateIssued": "2026-07-02T13:55:56",
        "dateEffective": "2026-07-05T00:01:00",
        "dateExpire": "2027-01-02T23:59:00",
        "upperVal": 500,
        "lowerVal": 0,
        "facility": "ZLA",
        "type": "SECURITY"
      }
    },
    {
      "type": "Feature",
      "geometry": {
        "type": "Polygon",
        "coordinates": [
          [
            [
              -116.08666667,
              32.63694444
            ],
            [
              -115.67472222,
              32.66444444
            ],
            [
              -115.67388889,
              32.6525
            ],
            [
              -116.085,
              32.62194444
            ],
            [
              -116.08666667,
              32.63694444
            ]
          ]
        ]
      },
      "properties": {
        "description": "Coyote Wells, CA, Saturday, July 4, 2026 through Saturday, January 2, 2027 Local",
        "notam": "6_2652",
        "dateIssued": "2026-07-02T13:45:11",
        "dateEffective": "2026-07-05T00:01:00",
        "dateExpire": "2027-01-02T23:59:00",
        "upperVal": 500,
        "lowerVal": 0,
        "facility": "ZLA",
        "type": "SECURITY"
      }
    },
    {
      "type": "Feature",
      "geometry": {
        "type": "Polygon",
        "coordinates": [
          [
            [
              -81.65777778,
              24.4925
            ],
            [
              -81.64111111,
              24.49916667
            ],
            [
              -81.58694444,
              24.38111111
            ],
            [
              -81.60361111,
              24.37444444
            ],
            [
              -81.65777778,
              24.4925
            ]
          ]
        ]
      },
      "properties": {
        "description": "Key West, FL, Friday, June 26, 2026 through Saturday, October 17, 2026 Local",
        "notam": "6_0299",
        "dateIssued": "2026-06-24T13:21:46",
        "dateEffective": "2026-06-26T04:00:00",
        "dateExpire": "2026-10-18T03:59:00",
        "upperVal": 5000,
        "lowerVal": 2500,
        "facility": "ZMA",
        "type": "SECURITY"
      }
    },
    {
      "type": "Feature",
      "geometry": {
        "type": "Polygon",
        "coordinates": [
          [
            [
              144.84472222,
              13.56361111
            ],
            [
              144.83388889,
              13.55222222
            ],
            [
              144.81888889,
              13.54694444
            ],
            [
              144.81850311,
              13.54825062
            ],
            [
              144.81820781,
              13.54957766
            ],
            [
              144.81803185,
              13.55092483
            ],
            [
              144.81797657,
              13.55228188
            ],
            [
              144.81804239,
              13.55363847
            ],
            [
              144.81822882,
              13.5549843
            ],
            [
              144.81853443,
              13.5563091
            ],
            [
              144.8189569,
              13.55760281
            ],
            [
              144.81949303,
              13.55885556
            ],
            [
              144.82013872,
              13.56005784
            ],
            [
              144.82088907,
              13.56120048
            ],
            [
              144.82173837,
              13.56227479
            ],
            [
              144.82268015,
              13.5632726
            ],
            [
              144.82370725,
              13.5641863
            ],
            [
              144.82481185,
              13.56500895
            ],
            [
              144.82598554,
              13.56573427
            ],
            [
              144.82721939,
              13.56635676
            ],
            [
              144.82850401,
              13.56687167
            ],
            [
              144.82982962,
              13.56727508
            ],
            [
              144.83118613,
              13.56756393
            ],
            [
              144.83256321,
              13.567736
            ],
            [
              144.83395039,
              13.56779
            ],
            [
              144.83533709,
              13.56772552
            ],
            [
              144.83671277,
              13.56754303
            ],
            [
              144.83806696,
              13.56724394
            ],
            [
              144.83938934,
              13.56683052
            ],
            [
              144.84066986,
              13.56630591
            ],
            [
              144.84189875,
              13.56567411
            ],
            [
              144.84306668,
              13.56493993
            ],
            [
              144.84416475,
              13.56410895
            ],
            [
              144.84472222,
              13.56361111
            ]
          ]
        ]
      },
      "properties": {
        "description": "S. FINEGAYAN, GU",
        "notam": "6_2520",
        "dateIssued": "2026-05-22T23:01:52",
        "dateEffective": null,
        "dateExpire": "2027-05-22T18:59:00",
        "upperVal": 6000,
        "lowerVal": 0,
        "facility": "ZUA",
        "type": "SECURITY"
      }
    },
    {
      "type": "Feature",
      "geometry": {
        "type": "Polygon",
        "coordinates": [
          [
            [
              -121.51388889,
              38.59696131
            ],
            [
              -121.5101973,
              38.5967078
            ],
            [
              -121.50661796,
              38.59595495
            ],
            [
              -121.50325968,
              38.59472567
            ],
            [
              -121.50022455,
              38.59305732
            ],
            [
              -121.49760483,
              38.59100062
            ],
            [
              -121.49548012,
              38.58861811
            ],
            [
              -121.49391493,
              38.58598219
            ],
            [
              -121.49295678,
              38.58317298
            ],
            [
              -121.49263472,
              38.58027585
            ],
            [
              -121.49295846,
              38.57737884
            ],
            [
              -121.49391809,
              38.57456996
            ],
            [
              -121.49548437,
              38.57193455
            ],
            [
              -121.49760968,
              38.56955265
            ],
            [
              -121.5002294,
              38.56749662
            ],
            [
              -121.50326394,
              38.56582889
            ],
            [
              -121.50662112,
              38.56460012
            ],
            [
              -121.51019898,
              38.5638476
            ],
            [
              -121.51388889,
              38.5635942
            ],
            [
              -121.5175788,
              38.5638476
            ],
            [
              -121.52115666,
              38.56460012
            ],
            [
              -121.52451384,
              38.56582889
            ],
            [
              -121.52754838,
              38.56749662
            ],
            [
              -121.5301681,
              38.56955265
            ],
            [
              -121.53229341,
              38.57193455
            ],
            [
              -121.53385969,
              38.57456996
            ],
            [
              -121.53481932,
              38.57737884
            ],
            [
              -121.53514306,
              38.58027585
            ],
            [
              -121.534821,
              38.58317298
            ],
            [
              -121.53386285,
              38.58598219
            ],
            [
              -121.53229766,
              38.58861811
            ],
            [
              -121.53017295,
              38.59100062
            ],
            [
              -121.52755323,
              38.59305732
            ],
            [
              -121.5245181,
              38.59472567
            ],
            [
              -121.52115982,
              38.59595495
            ],
            [
              -121.51758048,
              38.5967078
            ],
            [
              -121.51388889,
              38.59696131
            ]
          ]
        ]
      },
      "properties": {
        "description": "SACRAMENTO, CA, Thursday, April 2, 2026 through Monday, September 28, 2026 Local",
        "notam": "6_5797",
        "dateIssued": "2026-03-30T10:46:00",
        "dateEffective": "2026-04-03T00:01:00",
        "dateExpire": "2026-09-28T23:59:00",
        "upperVal": 400,
        "lowerVal": 0,
        "facility": "ZOA",
        "type": "SECURITY"
      }
    },
    {
      "type": "Feature",
      "geometry": {
        "type": "Polygon",
        "coordinates": [
          [
            [
              -65.67472222,
              18.18527778
            ],
            [
              -65.63861111,
              18.17833333
            ],
            [
              -65.60055556,
              17.87527778
            ],
            [
              -65.63611111,
              17.87222222
            ],
            [
              -65.67472222,
              18.18527778
            ]
          ]
        ]
      },
      "properties": {
        "description": "CEIBA, PR",
        "notam": "6_4508",
        "dateIssued": "2026-03-26T15:35:00",
        "dateEffective": null,
        "dateExpire": "2026-11-01T03:59:00",
        "upperVal": 5000,
        "lowerVal": 2500,
        "facility": "ZSU",
        "type": "SECURITY"
      }
    },
    {
      "type": "Feature",
      "geometry": {
        "type": "Polygon",
        "coordinates": [
          [
            [
              -100.37611111,
              31.36323969
            ],
            [
              -100.35921018,
              31.36196977
            ],
            [
              -100.34282411,
              31.35819869
            ],
            [
              -100.32745193,
              31.35204132
            ],
            [
              -100.3135616,
              31.34368519
            ],
            [
              -100.30157563,
              31.33338472
            ],
            [
              -100.29185818,
              31.32145347
            ],
            [
              -100.28470407,
              31.30825449
            ],
            [
              -100.28032979,
              31.29418925
            ],
            [
              -100.2788671,
              31.27968542
            ],
            [
              -100.2803591,
              31.26518377
            ],
            [
              -100.28475915,
              31.25112484
            ],
            [
              -100.2919324,
              31.2379355
            ],
            [
              -100.30166002,
              31.22601608
            ],
            [
              -100.313646,
              31.21572821
            ],
            [
              -100.32752615,
              31.2073839
            ],
            [
              -100.34287919,
              31.20123618
            ],
            [
              -100.35923949,
              31.1974714
            ],
            [
              -100.37611111,
              31.19620366
            ],
            [
              -100.39298273,
              31.1974714
            ],
            [
              -100.40934303,
              31.20123618
            ],
            [
              -100.42469607,
              31.2073839
            ],
            [
              -100.43857622,
              31.21572821
            ],
            [
              -100.4505622,
              31.22601608
            ],
            [
              -100.46028982,
              31.2379355
            ],
            [
              -100.46746307,
              31.25112484
            ],
            [
              -100.47186312,
              31.26518377
            ],
            [
              -100.47335512,
              31.27968542
            ],
            [
              -100.47189243,
              31.29418925
            ],
            [
              -100.46751815,
              31.30825449
            ],
            [
              -100.46036404,
              31.32145347
            ],
            [
              -100.45064659,
              31.33338472
            ],
            [
              -100.43866062,
              31.34368519
            ],
            [
              -100.42477029,
              31.35204132
            ],
            [
              -100.40939811,
              31.35819869
            ],
            [
              -100.39301204,
              31.36196977
            ],
            [
              -100.37611111,
              31.36323969
            ]
          ]
        ]
      },
      "properties": {
        "description": "SAN ANGELO, TX, Sunday, March 8, 2026 through Sunday, November 1, 2026 Local",
        "notam": "6_4240",
        "dateIssued": "2026-03-05T20:27:00",
        "dateEffective": "2026-03-08T08:00:00",
        "dateExpire": "2026-11-01T07:00:00",
        "upperVal": 18000,
        "lowerVal": 3500,
        "facility": "ZFW",
        "type": "SECURITY"
      }
    },
    {
      "type": "Feature",
      "geometry": {
        "type": "Polygon",
        "coordinates": [
          [
            [
              145.13527778,
              13.64166667
            ],
            [
              144.74694444,
              13.47666667
            ],
            [
              144.63722222,
              13.51194444
            ],
            [
              144.61944444,
              13.5875
            ],
            [
              144.62337227,
              13.60962359
            ],
            [
              144.62777753,
              13.63154738
            ],
            [
              144.63412072,
              13.65301205
            ],
            [
              144.64235403,
              13.6738541
            ],
            [
              144.65241522,
              13.69391474
            ],
            [
              144.66422807,
              13.71304108
            ],
            [
              144.67770294,
              13.73108731
            ],
            [
              144.69273746,
              13.74791585
            ],
            [
              144.70921729,
              13.76339835
            ],
            [
              144.72701699,
              13.7774167
            ],
            [
              144.74600098,
              13.78986396
            ],
            [
              144.76602456,
              13.80064514
            ],
            [
              144.78693505,
              13.80967796
            ],
            [
              144.80857293,
              13.81689348
            ],
            [
              144.83077307,
              13.82223661
            ],
            [
              144.85336602,
              13.82566656
            ],
            [
              144.87617929,
              13.82715716
            ],
            [
              144.8990387,
              13.826697
            ],
            [
              144.92176971,
              13.82428962
            ],
            [
              144.94419878,
              13.81995338
            ],
            [
              144.96615467,
              13.8137214
            ],
            [
              144.98746983,
              13.80564125
            ],
            [
              145.0079816,
              13.79577461
            ],
            [
              145.02753354,
              13.78419678
            ],
            [
              145.0459766,
              13.77099612
            ],
            [
              145.06317023,
              13.75627335
            ],
            [
              145.07898353,
              13.74014079
            ],
            [
              145.09329617,
              13.7227215
            ],
            [
              145.10599934,
              13.70414829
            ],
            [
              145.1169966,
              13.68456278
            ],
            [
              145.12620454,
              13.66411424
            ],
            [
              145.13355348,
              13.64295851
            ],
            [
              145.13527778,
              13.64166667
            ]
          ]
        ]
      },
      "properties": {
        "description": "ANDERSEN AFB, GU, Monday, March 9, 2026 through Tuesday, March 9, 2027 Local",
        "notam": "6_4143",
        "dateIssued": "2026-03-05T18:57:00",
        "dateEffective": "2026-03-08T16:00:00",
        "dateExpire": "2027-03-08T15:59:00",
        "upperVal": 20000,
        "lowerVal": 2600,
        "facility": "ZUA",
        "type": "SECURITY"
      }
    },
    {
      "type": "Feature",
      "geometry": {
        "type": "Polygon",
        "coordinates": [
          [
            [
              144.85888889,
              13.56472222
            ],
            [
              144.86833333,
              13.54472222
            ],
            [
              144.85527778,
              13.53888889
            ],
            [
              144.84583333,
              13.55916667
            ],
            [
              144.85888889,
              13.56472222
            ]
          ]
        ]
      },
      "properties": {
        "description": "ANDERSEN AFB, GU, Monday, March 9, 2026 through Tuesday, March 9, 2027 Local",
        "notam": "6_4143",
        "dateIssued": "2026-03-05T18:57:00",
        "dateEffective": "2026-03-08T16:00:00",
        "dateExpire": "2027-03-08T15:59:00",
        "upperVal": 20000,
        "lowerVal": 2600,
        "facility": "ZUA",
        "type": "SECURITY"
      }
    },
    {
      "type": "Feature",
      "geometry": {
        "type": "Polygon",
        "coordinates": [
          [
            [
              144.99194444,
              13.62277778
            ],
            [
              145.00111111,
              13.6025
            ],
            [
              145.01416667,
              13.60805556
            ],
            [
              145.00472222,
              13.62861111
            ],
            [
              144.99194444,
              13.62277778
            ]
          ]
        ]
      },
      "properties": {
        "description": "ANDERSEN AFB, GU, Monday, March 9, 2026 through Tuesday, March 9, 2027 Local",
        "notam": "6_4143",
        "dateIssued": "2026-03-05T18:57:00",
        "dateEffective": "2026-03-08T16:00:00",
        "dateExpire": "2027-03-08T15:59:00",
        "upperVal": 20000,
        "lowerVal": 2600,
        "facility": "ZUA",
        "type": "SECURITY"
      }
    },
    {
      "type": "Feature",
      "geometry": {
        "type": "Polygon",
        "coordinates": [
          [
            [
              -97.39194444,
              48.01666667
            ],
            [
              -97.39194444,
              47.90833333
            ],
            [
              -97.45027778,
              47.90833333
            ],
            [
              -97.45027778,
              48.01666667
            ],
            [
              -97.39194444,
              48.01666667
            ]
          ]
        ]
      },
      "properties": {
        "description": "GRAND FORKS AFB, ND, Sunday, March 8, 2026 through Sunday, November 1, 2026 Local",
        "notam": "6_4348",
        "dateIssued": "2026-03-05T17:01:00",
        "dateEffective": "2026-03-08T07:00:00",
        "dateExpire": "2026-11-01T06:59:00",
        "upperVal": 2400,
        "lowerVal": 0,
        "facility": "ZMP",
        "type": "SECURITY"
      }
    },
    {
      "type": "Feature",
      "geometry": {
        "type": "Polygon",
        "coordinates": [
          [
            [
              -97.375,
              48.14444444
            ],
            [
              -97.375,
              47.77777778
            ],
            [
              -97.39869144,
              47.77858432
            ],
            [
              -97.42220446,
              47.78066341
            ],
            [
              -97.44536194,
              47.78411116
            ],
            [
              -97.46798935,
              47.78890159
            ],
            [
              -97.48991605,
              47.7949986
            ],
            [
              -97.51097651,
              47.80235625
            ],
            [
              -97.53101153,
              47.81091904
            ],
            [
              -97.54986945,
              47.82062239
            ],
            [
              -97.56740725,
              47.83139305
            ],
            [
              -97.58349164,
              47.84314969
            ],
            [
              -97.59800006,
              47.85580345
            ],
            [
              -97.61082161,
              47.86925866
            ],
            [
              -97.62185793,
              47.88341348
            ],
            [
              -97.63102395,
              47.89816071
            ],
            [
              -97.63824857,
              47.91338857
            ],
            [
              -97.64347526,
              47.92898153
            ],
            [
              -97.64666252,
              47.94482119
            ],
            [
              -97.64778425,
              47.96078719
            ],
            [
              -97.64683001,
              47.97675805
            ],
            [
              -97.64380515,
              47.9926122
            ],
            [
              -97.63873084,
              48.00822881
            ],
            [
              -97.63164394,
              48.02348876
            ],
            [
              -97.62259682,
              48.03827555
            ],
            [
              -97.61165693,
              48.0524762
            ],
            [
              -97.59890644,
              48.06598212
            ],
            [
              -97.58444154,
              48.07868993
            ],
            [
              -97.5683718,
              48.0905023
            ],
            [
              -97.55081935,
              48.1013287
            ],
            [
              -97.53191792,
              48.1110861
            ],
            [
              -97.51181185,
              48.1196996
            ],
            [
              -97.49065496,
              48.12710308
            ],
            [
              -97.46860937,
              48.13323966
            ],
            [
              -97.44584422,
              48.13806218
            ],
            [
              -97.42253436,
              48.14153358
            ],
            [
              -97.39885894,
              48.14362715
            ],
            [
              -97.375,
              48.14444444
            ]
          ]
        ]
      },
      "properties": {
        "description": "GRAND FORKS AFB, ND, Sunday, March 8, 2026 through Sunday, November 1, 2026 Local",
        "notam": "6_4348",
        "dateIssued": "2026-03-05T17:01:00",
        "dateEffective": "2026-03-08T07:00:00",
        "dateExpire": "2026-11-01T06:59:00",
        "upperVal": 2400,
        "lowerVal": 0,
        "facility": "ZMP",
        "type": "SECURITY"
      }
    },
    {
      "type": "Feature",
      "geometry": {
        "type": "Polygon",
        "coordinates": [
          [
            [
              -121.4375,
              39.30098401
            ],
            [
              -121.4002184,
              39.29844376
            ],
            [
              -121.36407744,
              39.29090073
            ],
            [
              -121.33018217,
              39.27858565
            ],
            [
              -121.29956756,
              39.26187506
            ],
            [
              -121.27316653,
              39.24127959
            ],
            [
              -121.25178121,
              39.21742807
            ],
            [
              -121.23605861,
              39.19104811
            ],
            [
              -121.22647129,
              39.16294355
            ],
            [
              -121.22330366,
              39.13396987
            ],
            [
              -121.22664414,
              39.1050079
            ],
            [
              -121.23638347,
              39.07693711
            ],
            [
              -121.25221889,
              39.05060886
            ],
            [
              -121.27366425,
              39.0268208
            ],
            [
              -121.30006528,
              39.00629284
            ],
            [
              -121.33061985,
              38.9896457
            ],
            [
              -121.36440231,
              38.97738234
            ],
            [
              -121.40039125,
              38.96987307
            ],
            [
              -121.4375,
              38.96734455
            ],
            [
              -121.47460875,
              38.96987307
            ],
            [
              -121.51059769,
              38.97738234
            ],
            [
              -121.54438015,
              38.9896457
            ],
            [
              -121.57493472,
              39.00629284
            ],
            [
              -121.60133575,
              39.0268208
            ],
            [
              -121.62278111,
              39.05060886
            ],
            [
              -121.63861653,
              39.07693711
            ],
            [
              -121.64835586,
              39.1050079
            ],
            [
              -121.65169634,
              39.13396987
            ],
            [
              -121.64852871,
              39.16294355
            ],
            [
              -121.63894139,
              39.19104811
            ],
            [
              -121.62321879,
              39.21742807
            ],
            [
              -121.60183347,
              39.24127959
            ],
            [
              -121.57543244,
              39.26187506
            ],
            [
              -121.54481783,
              39.27858565
            ],
            [
              -121.51092256,
              39.29090073
            ],
            [
              -121.4747816,
              39.29844376
            ],
            [
              -121.4375,
              39.30098401
            ]
          ]
        ]
      },
      "properties": {
        "description": "BEALE AFB, CA, Sunday, March 8, 2026 through Sunday, November 1, 2026 Local",
        "notam": "6_3475",
        "dateIssued": "2026-03-04T11:40:00",
        "dateEffective": "2026-03-08T09:00:00",
        "dateExpire": "2026-11-01T09:59:00",
        "upperVal": 18000,
        "lowerVal": 4100,
        "facility": "ZOA",
        "type": "SECURITY"
      }
    },
    {
      "type": "Feature",
      "geometry": {
        "type": "Polygon",
        "coordinates": [
          [
            [
              -65.33666667,
              18.20693685
            ],
            [
              -65.32420186,
              18.20589421
            ],
            [
              -65.31211622,
              18.202798
            ],
            [
              -65.30077735,
              18.1977424
            ],
            [
              -65.29053005,
              18.19088119
            ],
            [
              -65.28168583,
              18.18242302
            ],
            [
              -65.27451343,
              18.17262511
            ],
            [
              -65.26923061,
              18.16178536
            ],
            [
              -65.26599761,
              18.15023327
            ],
            [
              -65.26491229,
              18.13831996
            ],
            [
              -65.26600718,
              18.12640744
            ],
            [
              -65.26924859,
              18.11485763
            ],
            [
              -65.27453765,
              18.10402136
            ],
            [
              -65.28171338,
              18.09422774
            ],
            [
              -65.2905576,
              18.08577414
            ],
            [
              -65.30080157,
              18.07891721
            ],
            [
              -65.3121342,
              18.0738651
            ],
            [
              -65.32421143,
              18.07077117
            ],
            [
              -65.33666667,
              18.06972932
            ],
            [
              -65.34912191,
              18.07077117
            ],
            [
              -65.36119914,
              18.0738651
            ],
            [
              -65.37253177,
              18.07891721
            ],
            [
              -65.38277574,
              18.08577414
            ],
            [
              -65.39161996,
              18.09422774
            ],
            [
              -65.39879569,
              18.10402136
            ],
            [
              -65.40408475,
              18.11485763
            ],
            [
              -65.40732616,
              18.12640744
            ],
            [
              -65.40842105,
              18.13831996
            ],
            [
              -65.40733573,
              18.15023327
            ],
            [
              -65.40410273,
              18.16178536
            ],
            [
              -65.39881991,
              18.17262511
            ],
            [
              -65.39164751,
              18.18242302
            ],
            [
              -65.38280329,
              18.19088119
            ],
            [
              -65.37255599,
              18.1977424
            ],
            [
              -65.36121712,
              18.202798
            ],
            [
              -65.34913148,
              18.20589421
            ],
            [
              -65.33666667,
              18.20693685
            ]
          ]
        ]
      },
      "properties": {
        "description": "VIEQUES, PR, Monday, January 19, 2026 through Friday, December 18, 2026 UTC",
        "notam": "6_2698",
        "dateIssued": "2026-01-13T14:45:00",
        "dateEffective": "2026-01-19T09:00:00",
        "dateExpire": "2026-12-18T21:00:00",
        "upperVal": 5000,
        "lowerVal": 0,
        "facility": "ZSU",
        "type": "HAZARDS"
      }
    },
    {
      "type": "Feature",
      "geometry": {
        "type": "Polygon",
        "coordinates": [
          [
            [
              -97.48305556,
              31.41416667
            ],
            [
              -97.48055556,
              31.41611111
            ],
            [
              -97.46944444,
              31.41805556
            ],
            [
              -97.44805556,
              31.42138889
            ],
            [
              -97.44361111,
              31.42027778
            ],
            [
              -97.43194444,
              31.41166667
            ],
            [
              -97.42694444,
              31.39055556
            ],
            [
              -97.46333333,
              31.38444444
            ],
            [
              -97.48527778,
              31.38888889
            ],
            [
              -97.49,
              31.39972222
            ],
            [
              -97.48305556,
              31.41416667
            ]
          ]
        ]
      },
      "properties": {
        "description": "MCGREGOR, TX",
        "notam": "6_0543",
        "dateIssued": "2026-01-05T16:22:00",
        "dateEffective": null,
        "dateExpire": "2027-01-01T05:59:00",
        "upperVal": 2000,
        "lowerVal": 0,
        "facility": "ZFW",
        "type": "SECURITY"
      }
    },
    {
      "type": "Feature",
      "geometry": {
        "type": "Polygon",
        "coordinates": [
          [
            [
              -97.15583333,
              26.03901365
            ],
            [
              -97.14780026,
              26.03837852
            ],
            [
              -97.14001153,
              26.03649246
            ],
            [
              -97.132704,
              26.03341282
            ],
            [
              -97.12609989,
              26.02923328
            ],
            [
              -97.12039995,
              26.02408092
            ],
            [
              -97.11577735,
              26.01811242
            ],
            [
              -97.11237248,
              26.01150923
            ],
            [
              -97.11028862,
              26.00447207
            ],
            [
              -97.10958886,
              25.99721483
            ],
            [
              -97.11029421,
              25.98995802
            ],
            [
              -97.112383,
              25.98292213
            ],
            [
              -97.11579152,
              25.97632087
            ],
            [
              -97.12041606,
              25.97035475
            ],
            [
              -97.12611601,
              25.96520491
            ],
            [
              -97.13271817,
              25.96102774
            ],
            [
              -97.14002204,
              25.95795004
            ],
            [
              -97.14780586,
              25.95606524
            ],
            [
              -97.15583333,
              25.95543055
            ],
            [
              -97.1638608,
              25.95606524
            ],
            [
              -97.17164462,
              25.95795004
            ],
            [
              -97.17894849,
              25.96102774
            ],
            [
              -97.18555065,
              25.96520491
            ],
            [
              -97.1912506,
              25.97035475
            ],
            [
              -97.19587514,
              25.97632087
            ],
            [
              -97.19928366,
              25.98292213
            ],
            [
              -97.20137245,
              25.98995802
            ],
            [
              -97.2020778,
              25.99721483
            ],
            [
              -97.20137804,
              26.00447207
            ],
            [
              -97.19929418,
              26.01150923
            ],
            [
              -97.19588931,
              26.01811242
            ],
            [
              -97.19126671,
              26.02408092
            ],
            [
              -97.18556677,
              26.02923328
            ],
            [
              -97.17896266,
              26.03341282
            ],
            [
              -97.17165513,
              26.03649246
            ],
            [
              -97.1638664,
              26.03837852
            ],
            [
              -97.15583333,
              26.03901365
            ]
          ]
        ]
      },
      "properties": {
        "description": "Brownsville, TX, Thursday, January 1, 2026 through Friday, January 1, 2027 Local",
        "notam": "5_3679",
        "dateIssued": "2025-12-30T13:38:00",
        "dateEffective": "2026-01-01T05:00:00",
        "dateExpire": "2027-01-01T05:59:00",
        "upperVal": 5000,
        "lowerVal": 0,
        "facility": "ZHU",
        "type": "SECURITY"
      }
    },
    {
      "type": "Feature",
      "geometry": {
        "type": "Polygon",
        "coordinates": [
          [
            [
              -97.15777778,
              25.95555556
            ],
            [
              -97.16972222,
              25.95777778
            ],
            [
              -97.18083333,
              25.96277778
            ],
            [
              -97.19111111,
              25.97083333
            ],
            [
              -97.19694444,
              25.97861111
            ],
            [
              -97.19638889,
              25.98972222
            ],
            [
              -97.20111111,
              25.98972222
            ],
            [
              -97.27861111,
              25.97555556
            ],
            [
              -97.27777778,
              25.94555556
            ],
            [
              -97.15777778,
              25.95555556
            ]
          ]
        ]
      },
      "properties": {
        "description": "Brownsville, TX, Thursday, January 1, 2026 through Friday, January 1, 2027 Local",
        "notam": "5_3678",
        "dateIssued": "2025-12-30T13:36:00",
        "dateEffective": "2026-01-01T05:00:00",
        "dateExpire": "2027-01-01T05:59:00",
        "upperVal": 2000,
        "lowerVal": 0,
        "facility": "ZHU",
        "type": "SECURITY"
      }
    },
    {
      "type": "Feature",
      "geometry": {
        "type": "Polygon",
        "coordinates": [
          [
            [
              -80.03777778,
              26.69365945
            ],
            [
              -80.03454639,
              26.69340548
            ],
            [
              -80.03141323,
              26.69265127
            ],
            [
              -80.02847353,
              26.69141976
            ],
            [
              -80.02581664,
              26.68974838
            ],
            [
              -80.0235233,
              26.68768793
            ],
            [
              -80.0216632,
              26.68530104
            ],
            [
              -80.02029284,
              26.68266024
            ],
            [
              -80.01945383,
              26.67984579
            ],
            [
              -80.01917163,
              26.67694322
            ],
            [
              -80.01945476,
              26.67404072
            ],
            [
              -80.02029458,
              26.67122648
            ],
            [
              -80.02166555,
              26.668586
            ],
            [
              -80.02352597,
              26.6661995
            ],
            [
              -80.02581931,
              26.66413947
            ],
            [
              -80.02847588,
              26.66246848
            ],
            [
              -80.03141497,
              26.66123729
            ],
            [
              -80.03454732,
              26.66048329
            ],
            [
              -80.03777778,
              26.66022939
            ],
            [
              -80.04100824,
              26.66048329
            ],
            [
              -80.04414059,
              26.66123729
            ],
            [
              -80.04707968,
              26.66246848
            ],
            [
              -80.04973625,
              26.66413947
            ],
            [
              -80.05202959,
              26.6661995
            ],
            [
              -80.05389001,
              26.668586
            ],
            [
              -80.05526098,
              26.67122648
            ],
            [
              -80.0561008,
              26.67404072
            ],
            [
              -80.05638393,
              26.67694322
            ],
            [
              -80.05610173,
              26.67984579
            ],
            [
              -80.05526272,
              26.68266024
            ],
            [
              -80.05389236,
              26.68530104
            ],
            [
              -80.05203226,
              26.68768793
            ],
            [
              -80.04973892,
              26.68974838
            ],
            [
              -80.04708203,
              26.69141976
            ],
            [
              -80.04414233,
              26.69265127
            ],
            [
              -80.04100917,
              26.69340548
            ],
            [
              -80.03777778,
              26.69365945
            ]
          ]
        ]
      },
      "properties": {
        "description": "Palm Beach, FL, Monday, October 20, 2025 through Tuesday, October 20, 2026 Local",
        "notam": "5_2809",
        "dateIssued": "2025-10-18T14:54:00",
        "dateEffective": "2025-10-20T12:00:00",
        "dateExpire": "2026-10-20T12:00:00",
        "upperVal": 2000,
        "lowerVal": 0,
        "facility": "ZMA",
        "type": "SECURITY"
      }
    },
    {
      "type": "Feature",
      "geometry": {
        "type": "Polygon",
        "coordinates": [
          [
            [
              -73.95305556,
              40.76472222
            ],
            [
              -73.95342534,
              40.76578514
            ],
            [
              -73.95385195,
              40.76720342
            ],
            [
              -73.95443955,
              40.76858804
            ],
            [
              -73.95518367,
              40.76992845
            ],
            [
              -73.95607865,
              40.77121444
            ],
            [
              -73.95711769,
              40.77243623
            ],
            [
              -73.95829288,
              40.77358451
            ],
            [
              -73.95959528,
              40.77465054
            ],
            [
              -73.96101498,
              40.7756262
            ],
            [
              -73.96254118,
              40.77650407
            ],
            [
              -73.96416226,
              40.77727746
            ],
            [
              -73.96586588,
              40.77794047
            ],
            [
              -73.96763905,
              40.77848807
            ],
            [
              -73.96946829,
              40.77891607
            ],
            [
              -73.97133966,
              40.77922122
            ],
            [
              -73.97323891,
              40.7794012
            ],
            [
              -73.97515157,
              40.77945463
            ],
            [
              -73.97706307,
              40.77938111
            ],
            [
              -73.97895886,
              40.7791812
            ],
            [
              -73.9808245,
              40.77885642
            ],
            [
              -73.98264578,
              40.77840924
            ],
            [
              -73.98440884,
              40.77784307
            ],
            [
              -73.98610023,
              40.77716222
            ],
            [
              -73.98770709,
              40.77637188
            ],
            [
              -73.98921719,
              40.77547806
            ],
            [
              -73.99061902,
              40.77448757
            ],
            [
              -73.99190191,
              40.77340796
            ],
            [
              -73.99305611,
              40.77224744
            ],
            [
              -73.99407284,
              40.77101486
            ],
            [
              -73.99494436,
              40.76971958
            ],
            [
              -73.99566404,
              40.76837149
            ],
            [
              -73.99622642,
              40.76698083
            ],
            [
              -73.99662722,
              40.7655582
            ],
            [
              -73.9968634,
              40.76411442
            ],
            [
              -73.99693318,
              40.76266048
            ],
            [
              -73.99683604,
              40.76120745
            ],
            [
              -73.99657272,
              40.75976639
            ],
            [
              -73.99614524,
              40.75834826
            ],
            [
              -73.99555687,
              40.75696385
            ],
            [
              -73.99481208,
              40.7556237
            ],
            [
              -73.99391657,
              40.75433801
            ],
            [
              -73.99287714,
              40.75311655
            ],
            [
              -73.99170171,
              40.75196861
            ],
            [
              -73.99039924,
              40.75090294
            ],
            [
              -73.98897963,
              40.74992763
            ],
            [
              -73.98745369,
              40.74905011
            ],
            [
              -73.98583303,
              40.74827705
            ],
            [
              -73.98412997,
              40.74761432
            ],
            [
              -73.98235748,
              40.74706698
            ],
            [
              -73.98052903,
              40.74663918
            ],
            [
              -73.97865854,
              40.74633418
            ],
            [
              -73.97676022,
              40.74615429
            ],
            [
              -73.97484851,
              40.74610088
            ],
            [
              -73.97293796,
              40.74617436
            ],
            [
              -73.97104308,
              40.74637418
            ],
            [
              -73.96916667,
              40.74666667
            ],
            [
              -73.95305556,
              40.76472222
            ]
          ]
        ]
      },
      "properties": {
        "description": "NEW YORK, NY, Monday, October 20, 2025 through Tuesday, October 20, 2026 Local",
        "notam": "5_2811",
        "dateIssued": "2025-10-18T14:54:00",
        "dateEffective": "2025-10-20T12:00:00",
        "dateExpire": "2026-10-20T12:00:00",
        "upperVal": 1000,
        "lowerVal": 0,
        "facility": "ZNY",
        "type": "SECURITY"
      }
    },
    {
      "type": "Feature",
      "geometry": {
        "type": "Polygon",
        "coordinates": [
          [
            [
              -97.16361111,
              26.08866087
            ],
            [
              -97.16039652,
              26.08840687
            ],
            [
              -97.15727964,
              26.08765261
            ],
            [
              -97.15435521,
              26.086421
            ],
            [
              -97.15171213,
              26.08474948
            ],
            [
              -97.14943071,
              26.08268886
            ],
            [
              -97.14758026,
              26.08030177
            ],
            [
              -97.14621701,
              26.07766075
            ],
            [
              -97.14538235,
              26.07484607
            ],
            [
              -97.1451016,
              26.07194325
            ],
            [
              -97.14538325,
              26.06904051
            ],
            [
              -97.1462187,
              26.06622603
            ],
            [
              -97.14758254,
              26.06358532
            ],
            [
              -97.14943329,
              26.06119861
            ],
            [
              -97.15171472,
              26.0591384
            ],
            [
              -97.15435749,
              26.05746726
            ],
            [
              -97.15728133,
              26.05623596
            ],
            [
              -97.16039742,
              26.0554819
            ],
            [
              -97.16361111,
              26.05522797
            ],
            [
              -97.1668248,
              26.0554819
            ],
            [
              -97.16994089,
              26.05623596
            ],
            [
              -97.17286473,
              26.05746726
            ],
            [
              -97.1755075,
              26.0591384
            ],
            [
              -97.17778893,
              26.06119861
            ],
            [
              -97.17963968,
              26.06358532
            ],
            [
              -97.18100352,
              26.06622603
            ],
            [
              -97.18183897,
              26.06904051
            ],
            [
              -97.18212062,
              26.07194325
            ],
            [
              -97.18183987,
              26.07484607
            ],
            [
              -97.18100521,
              26.07766075
            ],
            [
              -97.17964196,
              26.08030177
            ],
            [
              -97.17779151,
              26.08268886
            ],
            [
              -97.17551009,
              26.08474948
            ],
            [
              -97.17286701,
              26.086421
            ],
            [
              -97.16994258,
              26.08765261
            ],
            [
              -97.1668257,
              26.08840687
            ],
            [
              -97.16361111,
              26.08866087
            ]
          ]
        ]
      },
      "properties": {
        "description": "South Padre Island, TX, Tuesday, May 6, 2025 Local",
        "notam": "5_6914",
        "dateIssued": "2025-05-06T23:16:00",
        "dateEffective": "2025-05-06T23:30:00",
        "dateExpire": "PERM",
        "upperVal": 6000,
        "lowerVal": 0,
        "facility": "ZHU",
        "type": "SECURITY"
      }
    },
    {
      "type": "Feature",
      "geometry": {
        "type": "Polygon",
        "coordinates": [
          [
            [
              -77.03638889,
              39.35990574
            ],
            [
              -76.98020587,
              39.35798795
            ],
            [
              -76.92445955,
              39.35224948
            ],
            [
              -76.869583,
              39.34273493
            ],
            [
              -76.81600211,
              39.32951821
            ],
            [
              -76.76413212,
              39.31270194
            ],
            [
              -76.71437417,
              39.29241659
            ],
            [
              -76.66711208,
              39.26881944
            ],
            [
              -76.62270928,
              39.24209327
            ],
            [
              -76.58150591,
              39.21244488
            ],
            [
              -76.54381619,
              39.18010338
            ],
            [
              -76.509926,
              39.14531839
            ],
            [
              -76.48009073,
              39.10835798
            ],
            [
              -76.45453348,
              39.06950659
            ],
            [
              -76.43344339,
              39.02906268
            ],
            [
              -76.41697447,
              38.98733648
            ],
            [
              -76.40524458,
              38.94464747
            ],
            [
              -76.39833479,
              38.90132193
            ],
            [
              -76.39628899,
              38.85769041
            ],
            [
              -76.39911386,
              38.81408522
            ],
            [
              -76.40677906,
              38.77083783
            ],
            [
              -76.41921774,
              38.72827643
            ],
            [
              -76.43632731,
              38.68672343
            ],
            [
              -76.45797044,
              38.64649306
            ],
            [
              -76.48397633,
              38.60788903
            ],
            [
              -76.51414217,
              38.57120231
            ],
            [
              -76.54823485,
              38.53670902
            ],
            [
              -76.5859928,
              38.50466837
            ],
            [
              -76.62712807,
              38.47532083
            ],
            [
              -76.6713285,
              38.44888638
            ],
            [
              -76.7182601,
              38.42556295
            ],
            [
              -76.76756947,
              38.405525
            ],
            [
              -76.81888642,
              38.38892228
            ],
            [
              -76.87182661,
              38.3758788
            ],
            [
              -76.92599428,
              38.3664919
            ],
            [
              -76.98098508,
              38.3608316
            ],
            [
              -77.03638889,
              38.35894014
            ],
            [
              -77.0917927,
              38.3608316
            ],
            [
              -77.1467835,
              38.3664919
            ],
            [
              -77.20095117,
              38.3758788
            ],
            [
              -77.25389136,
              38.38892228
            ],
            [
              -77.30520831,
              38.405525
            ],
            [
              -77.35451768,
              38.42556295
            ],
            [
              -77.40144928,
              38.44888638
            ],
            [
              -77.44564971,
              38.47532083
            ],
            [
              -77.48678498,
              38.50466837
            ],
            [
              -77.52454293,
              38.53670902
            ],
            [
              -77.55863561,
              38.57120231
            ],
            [
              -77.58880145,
              38.60788903
            ],
            [
              -77.61480734,
              38.64649306
            ],
            [
              -77.63645047,
              38.68672343
            ],
            [
              -77.65356004,
              38.72827643
            ],
            [
              -77.66599872,
              38.77083783
            ],
            [
              -77.67366392,
              38.81408522
            ],
            [
              -77.67648879,
              38.85769041
            ],
            [
              -77.67444299,
              38.90132193
            ],
            [
              -77.6675332,
              38.94464747
            ],
            [
              -77.65580331,
              38.98733648
            ],
            [
              -77.63933439,
              39.02906268
            ],
            [
              -77.6182443,
              39.06950659
            ],
            [
              -77.59268705,
              39.10835798
            ],
            [
              -77.56285178,
              39.14531839
            ],
            [
              -77.52896159,
              39.18010338
            ],
            [
              -77.49127187,
              39.21244488
            ],
            [
              -77.4500685,
              39.24209327
            ],
            [
              -77.4056657,
              39.26881944
            ],
            [
              -77.35840361,
              39.29241659
            ],
            [
              -77.30864566,
              39.31270194
            ],
            [
              -77.25677567,
              39.32951821
            ],
            [
              -77.20319478,
              39.34273493
            ],
            [
              -77.14831823,
              39.35224948
            ],
            [
              -77.09257191,
              39.35798795
            ],
            [
              -77.03638889,
              39.35990574
            ]
          ]
        ]
      },
      "properties": {
        "description": "WASHINGTON, DC., USA",
        "notam": "4_9383",
        "dateIssued": "2024-09-03T21:12:00",
        "dateEffective": null,
        "dateExpire": "PERM",
        "upperVal": 17999,
        "lowerVal": 0,
        "facility": "ZDC",
        "type": "SECURITY"
      }
    },
    {
      "type": "Feature",
      "geometry": {
        "type": "Polygon",
        "coordinates": [
          [
            [
              -76.78666176,
              38.95383304
            ],
            [
              -76.79583424,
              38.96767404
            ],
            [
              -76.80888889,
              38.98361111
            ],
            [
              -76.84388889,
              39.03833333
            ],
            [
              -77.07555556,
              39.10777778
            ],
            [
              -77.08086986,
              39.10726055
            ],
            [
              -77.10841878,
              39.10328335
            ],
            [
              -77.13541386,
              39.09744422
            ],
            [
              -77.16164771,
              39.08978808
            ],
            [
              -77.18691899,
              39.08037374
            ],
            [
              -77.21103395,
              39.06927355
            ],
            [
              -77.23380799,
              39.05657273
            ],
            [
              -77.25506707,
              39.04236877
            ],
            [
              -77.27464904,
              39.02677063
            ],
            [
              -77.29240494,
              39.00989789
            ],
            [
              -77.30833333,
              38.99194444
            ],
            [
              -77.31333333,
              38.84777778
            ],
            [
              -77.31263521,
              38.84016947
            ],
            [
              -77.30940075,
              38.82141935
            ],
            [
              -77.30409185,
              38.80296082
            ],
            [
              -77.29675041,
              38.78493409
            ],
            [
              -77.28743368,
              38.76747598
            ],
            [
              -77.27621371,
              38.75071889
            ],
            [
              -77.26317684,
              38.73478983
            ],
            [
              -77.24842298,
              38.71980944
            ],
            [
              -77.23206482,
              38.70589111
            ],
            [
              -77.21422699,
              38.69314013
            ],
            [
              -77.19504509,
              38.6816529
            ],
            [
              -77.17466467,
              38.67151623
            ],
            [
              -77.15324012,
              38.66280668
            ],
            [
              -77.13093354,
              38.65559002
            ],
            [
              -77.10791352,
              38.64992071
            ],
            [
              -77.08435389,
              38.64584155
            ],
            [
              -77.06043247,
              38.64338331
            ],
            [
              -77.03632971,
              38.64256452
            ],
            [
              -77.01222739,
              38.64339137
            ],
            [
              -76.9883073,
              38.64585763
            ],
            [
              -76.96474989,
              38.64994467
            ],
            [
              -76.94173295,
              38.65562168
            ],
            [
              -76.91943029,
              38.6628458
            ],
            [
              -76.89801047,
              38.67156252
            ],
            [
              -76.87763556,
              38.68170601
            ],
            [
              -76.8584599,
              38.69319966
            ],
            [
              -76.84062901,
              38.70595661
            ],
            [
              -76.82427843,
              38.71988041
            ],
            [
              -76.80953272,
              38.73486574
            ],
            [
              -76.79650453,
              38.75079916
            ],
            [
              -76.78529369,
              38.76756
            ],
            [
              -76.77598648,
              38.78502123
            ],
            [
              -76.76865489,
              38.80305042
            ],
            [
              -76.76335607,
              38.82151072
            ],
            [
              -76.76013186,
              38.84026192
            ],
            [
              -76.7590084,
              38.85916149
            ],
            [
              -76.75999591,
              38.87806564
            ],
            [
              -76.76308853,
              38.89683046
            ],
            [
              -76.76826436,
              38.91531298
            ],
            [
              -76.77203314,
              38.92473824
            ],
            [
              -76.7725,
              38.92470634
            ],
            [
              -76.77620854,
              38.92495973
            ],
            [
              -76.77980447,
              38.92571219
            ],
            [
              -76.78317861,
              38.92694089
            ],
            [
              -76.78622848,
              38.92860851
            ],
            [
              -76.78886143,
              38.93066441
            ],
            [
              -76.79099747,
              38.93304616
            ],
            [
              -76.79257168,
              38.9356814
            ],
            [
              -76.79353616,
              38.9384901
            ],
            [
              -76.79386155,
              38.94138693
            ],
            [
              -76.79353788,
              38.94428388
            ],
            [
              -76.7925749,
              38.94709292
            ],
            [
              -76.79100181,
              38.94972868
            ],
            [
              -76.78886636,
              38.95211105
            ],
            [
              -76.78666176,
              38.95383304
            ]
          ]
        ]
      },
      "properties": {
        "description": "WASHINGTON, DC., USA",
        "notam": "4_9383",
        "dateIssued": "2024-09-03T21:12:00",
        "dateEffective": null,
        "dateExpire": "PERM",
        "upperVal": 17999,
        "lowerVal": 0,
        "facility": "ZDC",
        "type": "SECURITY"
      }
    },
    {
      "type": "Feature",
      "geometry": {
        "type": "Polygon",
        "coordinates": [
          [
            [
              -96.80972222,
              32.905866
            ],
            [
              -96.80628462,
              32.90561226
            ],
            [
              -96.80295153,
              32.90485873
            ],
            [
              -96.79982427,
              32.90362832
            ],
            [
              -96.79699789,
              32.90195846
            ],
            [
              -96.79455831,
              32.89989988
            ],
            [
              -96.79257964,
              32.89751517
            ],
            [
              -96.79112198,
              32.8948768
            ],
            [
              -96.79022959,
              32.89206496
            ],
            [
              -96.78992953,
              32.8891651
            ],
            [
              -96.79023086,
              32.88626534
            ],
            [
              -96.79112437,
              32.88345377
            ],
            [
              -96.79258285,
              32.88081581
            ],
            [
              -96.79456197,
              32.8784316
            ],
            [
              -96.79700155,
              32.87637356
            ],
            [
              -96.79982748,
              32.8747042
            ],
            [
              -96.80295391,
              32.87347421
            ],
            [
              -96.80628589,
              32.87272095
            ],
            [
              -96.80972222,
              32.87246729
            ],
            [
              -96.81315855,
              32.87272095
            ],
            [
              -96.81649053,
              32.87347421
            ],
            [
              -96.81961696,
              32.8747042
            ],
            [
              -96.82244289,
              32.87637356
            ],
            [
              -96.82488247,
              32.8784316
            ],
            [
              -96.82686159,
              32.88081581
            ],
            [
              -96.82832007,
              32.88345377
            ],
            [
              -96.82921358,
              32.88626534
            ],
            [
              -96.82951491,
              32.8891651
            ],
            [
              -96.82921485,
              32.89206496
            ],
            [
              -96.82832246,
              32.8948768
            ],
            [
              -96.8268648,
              32.89751517
            ],
            [
              -96.82488613,
              32.89989988
            ],
            [
              -96.82244655,
              32.90195846
            ],
            [
              -96.81962017,
              32.90362832
            ],
            [
              -96.81649291,
              32.90485873
            ],
            [
              -96.81315982,
              32.90561226
            ],
            [
              -96.80972222,
              32.905866
            ]
          ]
        ]
      },
      "properties": {
        "description": "DALLAS, TX",
        "notam": "9_2934",
        "dateIssued": "2015-10-08T05:55:00",
        "dateEffective": null,
        "dateExpire": "PERM",
        "upperVal": 1500,
        "lowerVal": 0,
        "facility": "ZFW",
        "type": "VIP"
      }
    },
    {
      "type": "Feature",
      "geometry": {
        "type": "Polygon",
        "coordinates": [
          [
            [
              -81.57222222,
              28.46263239
            ],
            [
              -81.56237133,
              28.46187042
            ],
            [
              -81.55282017,
              28.45960767
            ],
            [
              -81.5438593,
              28.455913
            ],
            [
              -81.53576127,
              28.45089879
            ],
            [
              -81.52877228,
              28.44471759
            ],
            [
              -81.52310468,
              28.43755739
            ],
            [
              -81.51893054,
              28.4296359
            ],
            [
              -81.5163764,
              28.42119398
            ],
            [
              -81.51551953,
              28.4124882
            ],
            [
              -81.51638553,
              28.40378312
            ],
            [
              -81.5189477,
              28.39534321
            ],
            [
              -81.5231278,
              28.38742482
            ],
            [
              -81.52879858,
              28.3802684
            ],
            [
              -81.53578757,
              28.37409123
            ],
            [
              -81.54388242,
              28.36908083
            ],
            [
              -81.55283733,
              28.36538924
            ],
            [
              -81.56238046,
              28.36312851
            ],
            [
              -81.57222222,
              28.36236724
            ],
            [
              -81.58206398,
              28.36312851
            ],
            [
              -81.59160711,
              28.36538924
            ],
            [
              -81.60056202,
              28.36908083
            ],
            [
              -81.60865687,
              28.37409123
            ],
            [
              -81.61564586,
              28.3802684
            ],
            [
              -81.62131664,
              28.38742482
            ],
            [
              -81.62549674,
              28.39534321
            ],
            [
              -81.62805891,
              28.40378312
            ],
            [
              -81.62892491,
              28.4124882
            ],
            [
              -81.62806804,
              28.42119398
            ],
            [
              -81.6255139,
              28.4296359
            ],
            [
              -81.62133976,
              28.43755739
            ],
            [
              -81.61567216,
              28.44471759
            ],
            [
              -81.60868317,
              28.45089879
            ],
            [
              -81.60058514,
              28.455913
            ],
            [
              -81.59162427,
              28.45960767
            ],
            [
              -81.58207311,
              28.46187042
            ],
            [
              -81.57222222,
              28.46263239
            ]
          ]
        ]
      },
      "properties": {
        "description": "DISNEY WORLD THEME PARK, ORLANDO, FL",
        "notam": "4_3634",
        "dateIssued": "2015-10-08T00:55:00",
        "dateEffective": null,
        "dateExpire": "PERM",
        "upperVal": 3000,
        "lowerVal": 0,
        "facility": "ZJX",
        "type": "SECURITY"
      }
    },
    {
      "type": "Feature",
      "geometry": {
        "type": "Polygon",
        "coordinates": [
          [
            [
              -117.92138889,
              33.85147938
            ],
            [
              -117.91096393,
              33.85071796
            ],
            [
              -117.90085627,
              33.84845686
            ],
            [
              -117.8913735,
              33.8447649
            ],
            [
              -117.88280409,
              33.83975443
            ],
            [
              -117.87540863,
              33.83357792
            ],
            [
              -117.8694118,
              33.82642324
            ],
            [
              -117.86499564,
              33.818508
            ],
            [
              -117.86229397,
              33.81007289
            ],
            [
              -117.86138841,
              33.8013743
            ],
            [
              -117.86230592,
              33.79267658
            ],
            [
              -117.86501811,
              33.78424396
            ],
            [
              -117.86944208,
              33.77633256
            ],
            [
              -117.87544305,
              33.76918257
            ],
            [
              -117.88283852,
              33.76301105
            ],
            [
              -117.89140377,
              33.75800528
            ],
            [
              -117.90087874,
              33.75431715
            ],
            [
              -117.91097589,
              33.75205855
            ],
            [
              -117.92138889,
              33.75129799
            ],
            [
              -117.93180189,
              33.75205855
            ],
            [
              -117.94189904,
              33.75431715
            ],
            [
              -117.95137401,
              33.75800528
            ],
            [
              -117.95993926,
              33.76301105
            ],
            [
              -117.96733473,
              33.76918257
            ],
            [
              -117.9733357,
              33.77633256
            ],
            [
              -117.97775967,
              33.78424396
            ],
            [
              -117.98047186,
              33.79267658
            ],
            [
              -117.98138937,
              33.8013743
            ],
            [
              -117.98048381,
              33.81007289
            ],
            [
              -117.97778214,
              33.818508
            ],
            [
              -117.97336598,
              33.82642324
            ],
            [
              -117.96736915,
              33.83357792
            ],
            [
              -117.95997369,
              33.83975443
            ],
            [
              -117.95140428,
              33.8447649
            ],
            [
              -117.94192151,
              33.84845686
            ],
            [
              -117.93181385,
              33.85071796
            ],
            [
              -117.92138889,
              33.85147938
            ]
          ]
        ]
      },
      "properties": {
        "description": "DISNEYLAND THEME PARK, ANAHEIM, CA",
        "notam": "4_3635",
        "dateIssued": "2015-10-08T00:55:00",
        "dateEffective": null,
        "dateExpire": "PERM",
        "upperVal": 3000,
        "lowerVal": 0,
        "facility": "ZLA",
        "type": "SECURITY"
      }
    }
  ]
}